id,data_sbarco,nome_porto,latitudine,longitudine,nome_specie,quantita
0,2019-01-15T11:15:00.000Z,PORTO GARIBALDI,44.666668,12.233334,Sillaginidae,3.0
1,2019-01-15T11:15:00.000Z,PORTO GARIBALDI,44.666668,12.233334,Seppia comune,2.0
2,2019-01-15T11:15:00.000Z,PORTO GARIBALDI,44.666668,12.233334,Sogliola,4.0
3,2019-01-15T11:15:00.000Z,PORTO GARIBALDI,44.666668,12.233334,Merluzzo argentato - Nasello,3.0
4,2019-01-15T11:15:00.000Z,PORTO GARIBALDI,44.666668,12.233334,Mazzancolla ,2.0
5,2019-01-15T11:15:00.000Z,PORTO GARIBALDI,44.666668,12.233334,Rombo chiodato,1.0
6,2019-01-15T11:15:00.000Z,PORTO GARIBALDI,44.666668,12.233334,Suacia,4.0
7,2019-01-15T11:15:00.000Z,PORTO GARIBALDI,44.666668,12.233334,Capone gorno,4.0
8,2019-01-15T11:15:00.000Z,PORTO GARIBALDI,44.666668,12.233334,Pannocchia, Canocchia,104.0
9,2019-04-08T16:05:00.000Z,VIAREGGIO,43.866665000000005,10.216666,Sillaginidae,3.7
10,2019-04-08T16:05:00.000Z,VIAREGGIO,43.866665000000005,10.216666,PETTINI MAGGIORI,2.0
11,2019-04-08T16:05:00.000Z,VIAREGGIO,43.866665000000005,10.216666,Sogliola,2.6
12,2019-04-08T16:05:00.000Z,VIAREGGIO,43.866665000000005,10.216666,Sogliola,1.0
13,2019-04-08T16:05:00.000Z,VIAREGGIO,43.866665000000005,10.216666,Merluzzo argentato - Nasello,5.0
14,2019-04-08T16:05:00.000Z,VIAREGGIO,43.866665000000005,10.216666,Pesce San Pietro,2.0
15,2019-04-08T16:05:00.000Z,VIAREGGIO,43.866665000000005,10.216666,Triglia di fango,19.4
16,2019-04-08T16:05:00.000Z,VIAREGGIO,43.866665000000005,10.216666,Budego,9.3
17,2019-04-08T16:05:00.000Z,VIAREGGIO,43.866665000000005,10.216666,Linguattola,2.8
18,2019-04-08T16:05:00.000Z,VIAREGGIO,43.866665000000005,10.216666,Moscardino bianco,3.9
19,2019-04-08T16:05:00.000Z,VIAREGGIO,43.866665000000005,10.216666,Ghiozzo paganello,1.4
20,2019-04-08T16:05:00.000Z,VIAREGGIO,43.866665000000005,10.216666,Razza stellata,5.0
21,2019-04-08T16:05:00.000Z,VIAREGGIO,43.866665000000005,10.216666,Polpo di scoglio ,1.7
22,2019-04-08T16:05:00.000Z,VIAREGGIO,43.866665000000005,10.216666,Calamaretto ,0.3
23,2019-02-12T02:22:00.000Z,RIMINI,44.05,12.566667,Passera lingua di cane ,16.0
24,2019-02-12T02:22:00.000Z,RIMINI,44.05,12.566667,Seppia comune,25.0
25,2019-02-12T02:22:00.000Z,RIMINI,44.05,12.566667,Sogliola,9.0
26,2019-02-12T02:22:00.000Z,RIMINI,44.05,12.566667,Merluzzo argentato - Nasello,32.0
27,2019-02-12T02:22:00.000Z,RIMINI,44.05,12.566667,Calamaro comune,3.0
28,2019-02-12T02:22:00.000Z,RIMINI,44.05,12.566667,Mazzancolla ,60.0
29,2019-02-12T02:22:00.000Z,RIMINI,44.05,12.566667,Suacia,24.0
30,2019-02-12T02:22:00.000Z,RIMINI,44.05,12.566667,Merlano, Molo,80.0
31,2019-02-12T02:22:00.000Z,RIMINI,44.05,12.566667,Granchio comune ,28.0
32,2019-02-12T02:22:00.000Z,RIMINI,44.05,12.566667,Ghiozzo nero ,3.0
33,2019-02-12T02:22:00.000Z,RIMINI,44.05,12.566667,Gallinelle o Capponi,9.0
34,2019-02-12T02:22:00.000Z,RIMINI,44.05,12.566667,Pannocchia, Canocchia,30.0
35,2019-02-12T02:22:00.000Z,RIMINI,44.05,12.566667,Polpo di scoglio ,6.0
36,2019-02-12T02:22:00.000Z,RIMINI,44.05,12.566667,Calamaretto ,2.0
37,2019-02-13T15:50:00.000Z,RIMINI,44.05,12.566667,Passera lingua di cane ,25.0
38,2019-02-13T15:50:00.000Z,RIMINI,44.05,12.566667,Seppia comune,12.0
39,2019-02-13T15:50:00.000Z,RIMINI,44.05,12.566667,Razze (NS) ,4.0
40,2019-02-13T15:50:00.000Z,RIMINI,44.05,12.566667,Sogliola,12.0
41,2019-02-13T15:50:00.000Z,RIMINI,44.05,12.566667,Merluzzo argentato - Nasello,80.0
42,2019-02-13T15:50:00.000Z,RIMINI,44.05,12.566667,Calamaro comune,3.0
43,2019-02-13T15:50:00.000Z,RIMINI,44.05,12.566667,Mazzancolla ,30.0
44,2019-02-13T15:50:00.000Z,RIMINI,44.05,12.566667,Suacia,32.0
45,2019-02-13T15:50:00.000Z,RIMINI,44.05,12.566667,Merlano, Molo,200.0
46,2019-02-13T15:50:00.000Z,RIMINI,44.05,12.566667,Triglia di fango,25.0
47,2019-02-13T15:50:00.000Z,RIMINI,44.05,12.566667,Scampo,8.0
48,2019-02-13T15:50:00.000Z,RIMINI,44.05,12.566667,Granchio comune ,30.0
49,2019-02-13T15:50:00.000Z,RIMINI,44.05,12.566667,Ghiozzo nero ,4.0
50,2019-02-13T15:50:00.000Z,RIMINI,44.05,12.566667,Gallinelle o Capponi,16.0
51,2019-02-13T15:50:00.000Z,RIMINI,44.05,12.566667,Pannocchia, Canocchia,80.0
52,2019-02-13T15:50:00.000Z,RIMINI,44.05,12.566667,Polpo di scoglio ,9.0
53,2019-02-13T15:50:00.000Z,RIMINI,44.05,12.566667,Calamaretto ,2.0
54,2019-05-24T19:02:00.000Z,RIMINI,44.05,12.566667,Pescecane,12.0
55,2019-05-24T19:02:00.000Z,RIMINI,44.05,12.566667,Sogliola cuneata,55.0
56,2019-05-24T19:02:00.000Z,RIMINI,44.05,12.566667,Seppia comune,40.0
57,2019-05-24T19:02:00.000Z,RIMINI,44.05,12.566667,Calamaro ,2.0
58,2019-05-24T19:02:00.000Z,RIMINI,44.05,12.566667,Merluzzo argentato - Nasello,114.0
59,2019-05-24T19:02:00.000Z,RIMINI,44.05,12.566667,Totano tozzo,48.0
60,2019-05-24T19:02:00.000Z,RIMINI,44.05,12.566667,Rombo chiodato,3.0
61,2019-05-24T19:02:00.000Z,RIMINI,44.05,12.566667,Merlano, Molo,175.0
62,2019-05-24T19:02:00.000Z,RIMINI,44.05,12.566667,Cepola ,20.0
63,2019-05-24T19:02:00.000Z,RIMINI,44.05,12.566667,Triglia di fango,135.0
64,2019-05-24T19:02:00.000Z,RIMINI,44.05,12.566667,Sogliola adriatica,6.0
65,2019-05-24T19:02:00.000Z,RIMINI,44.05,12.566667,Scampo,6.0
66,2019-05-24T19:02:00.000Z,RIMINI,44.05,12.566667,Granchio comune ,40.0
67,2019-05-24T19:02:00.000Z,RIMINI,44.05,12.566667,Sgombro,6.0
68,2019-05-24T19:02:00.000Z,RIMINI,44.05,12.566667,Polpo di scoglio ,40.0
69,2019-03-11T10:30:00.000Z,ANZIO,41.45,12.616667,Cuore,4.9
70,2019-03-11T10:30:00.000Z,ANZIO,41.45,12.616667,Murice ,4.0
71,2019-03-11T10:30:00.000Z,ANZIO,41.45,12.616667,Seppia comune,6.9
72,2019-03-11T10:30:00.000Z,ANZIO,41.45,12.616667,Sogliola,1.3
73,2019-03-11T10:30:00.000Z,ANZIO,41.45,12.616667,Merluzzo argentato - Nasello,1.0
74,2019-03-11T10:30:00.000Z,ANZIO,41.45,12.616667,Mazzancolla ,1.7
75,2019-03-11T10:30:00.000Z,ANZIO,41.45,12.616667,Suacia,0.5
76,2019-03-11T10:30:00.000Z,ANZIO,41.45,12.616667,Triglia di fango,1.0
77,2019-03-11T10:30:00.000Z,ANZIO,41.45,12.616667,Trachinus spp,2.8
78,2019-03-11T10:30:00.000Z,ANZIO,41.45,12.616667,Pannocchia, Canocchia,0.7
79,2019-03-11T10:30:00.000Z,ANZIO,41.45,12.616667,Polpo di scoglio ,2.8
80,2019-03-01T10:10:00.000Z,MARGHERITA DI SAVOIA,41.366665000000005,16.133333,Cuore,50.0
81,2019-03-08T08:30:00.000Z,MARGHERITA DI SAVOIA,41.366665000000005,16.133333,Cuore,100.0
82,2019-03-19T08:00:00.000Z,MARGHERITA DI SAVOIA,41.366665000000005,16.133333,Cuore,80.0
83,2019-03-25T10:10:00.000Z,MARGHERITA DI SAVOIA,41.366665000000005,16.133333,Cuore,50.0
84,2019-04-01T07:10:00.000Z,MARGHERITA DI SAVOIA,41.366665000000005,16.133333,Cuore,100.0
85,2019-03-23T08:30:00.000Z,MARGHERITA DI SAVOIA,41.366665000000005,16.133333,Cuore,130.0
86,2019-04-02T08:30:00.000Z,MARGHERITA DI SAVOIA,41.366665000000005,16.133333,Cuore,50.0
87,2019-04-01T09:15:00.000Z,MARGHERITA DI SAVOIA,41.366665000000005,16.133333,Cuore,50.0
88,2019-03-21T10:00:00.000Z,MARGHERITA DI SAVOIA,41.366665000000005,16.133333,Cuore,80.0
89,2019-04-04T08:00:00.000Z,MARGHERITA DI SAVOIA,41.366665000000005,16.133333,Cuore,80.0
90,2019-03-21T10:00:00.000Z,MARGHERITA DI SAVOIA,41.366665000000005,16.133333,Cuore,80.0
91,2019-03-22T10:00:00.000Z,MARGHERITA DI SAVOIA,41.366665000000005,16.133333,Cuore,70.0
92,2019-03-22T11:15:00.000Z,MARGHERITA DI SAVOIA,41.366665000000005,16.133333,Cuore,90.0
93,2019-04-04T09:10:00.000Z,MARGHERITA DI SAVOIA,41.366665000000005,16.133333,Cuore,80.0
94,2019-03-21T08:30:00.000Z,MARGHERITA DI SAVOIA,41.366665000000005,16.133333,Cuore,70.0
95,2019-04-02T08:00:00.000Z,MARGHERITA DI SAVOIA,41.366665000000005,16.133333,Cuore,40.0
96,2019-04-04T11:15:00.000Z,MARGHERITA DI SAVOIA,41.366665000000005,16.133333,Cuore,80.0
97,2019-03-22T10:00:00.000Z,MARGHERITA DI SAVOIA,41.366665000000005,16.133333,Cuore,90.0
98,2019-04-01T08:30:00.000Z,MARGHERITA DI SAVOIA,41.366665000000005,16.133333,Cuore,60.0
99,2019-03-18T08:00:00.000Z,MARGHERITA DI SAVOIA,41.366665000000005,16.133333,Cuore,20.0
100,2019-03-26T09:10:00.000Z,MARGHERITA DI SAVOIA,41.366665000000005,16.133333,Cuore,60.0
101,2019-04-04T08:30:00.000Z,MARGHERITA DI SAVOIA,41.366665000000005,16.133333,Cuore,120.0
102,2019-04-11T10:15:00.000Z,MARGHERITA DI SAVOIA,41.366665000000005,16.133333,Cuore,60.0
103,2019-04-26T10:05:00.000Z,MARGHERITA DI SAVOIA,41.366665000000005,16.133333,Cuore,140.0
104,2019-05-16T13:20:00.000Z,TORVAIANICA,41.616665000000005,12.466666,Cuore,300.0
105,2019-05-14T12:20:00.000Z,TORVAIANICA,41.616665000000005,12.466666,Cuore,200.0
106,2019-05-15T12:40:00.000Z,TORVAIANICA,41.616665000000005,12.466666,Cuore,300.0
107,2019-04-19T09:10:00.000Z,MARGHERITA DI SAVOIA,41.366665000000005,16.133333,Cuore,150.0
108,2019-04-08T08:30:00.000Z,MARGHERITA DI SAVOIA,41.366665000000005,16.133333,Cuore,50.0
109,2019-04-18T07:30:00.000Z,MARGHERITA DI SAVOIA,41.366665000000005,16.133333,Cuore,110.0
110,2019-05-17T13:20:00.000Z,TORVAIANICA,41.616665000000005,12.466666,Cuore,240.0
111,2019-04-12T10:10:00.000Z,MARGHERITA DI SAVOIA,41.366665000000005,16.133333,Cuore,70.0
112,2019-05-13T13:20:00.000Z,TORVAIANICA,41.616665000000005,12.466666,Cuore,250.0
113,2019-04-16T08:30:00.000Z,MARGHERITA DI SAVOIA,41.366665000000005,16.133333,Cuore,80.0
114,2019-04-12T07:30:00.000Z,MARGHERITA DI SAVOIA,41.366665000000005,16.133333,Cuore,120.0
115,2019-04-11T07:30:00.000Z,MARGHERITA DI SAVOIA,41.366665000000005,16.133333,Cuore,80.0
116,2019-04-19T07:30:00.000Z,MARGHERITA DI SAVOIA,41.366665000000005,16.133333,Cuore,150.0
117,2019-04-18T11:10:00.000Z,MARGHERITA DI SAVOIA,41.366665000000005,16.133333,Cuore,60.0
118,2019-04-26T08:30:00.000Z,MARGHERITA DI SAVOIA,41.366665000000005,16.133333,Cuore,180.0
119,2019-01-29T15:30:00.000Z,ANZIO,41.45,12.616667,Cuore,22.6
120,2019-01-29T15:30:00.000Z,ANZIO,41.45,12.616667,Murice ,10.8
121,2019-01-29T15:30:00.000Z,ANZIO,41.45,12.616667,Seppia comune,19.4
122,2019-01-29T15:30:00.000Z,ANZIO,41.45,12.616667,Sogliola,3.7
123,2019-01-29T15:30:00.000Z,ANZIO,41.45,12.616667,Mazzancolla ,3.0
124,2019-01-29T15:30:00.000Z,ANZIO,41.45,12.616667,Suacia,5.9
125,2019-01-29T15:30:00.000Z,ANZIO,41.45,12.616667,Trachinus spp,6.2
126,2019-01-29T15:30:00.000Z,ANZIO,41.45,12.616667,Razza stellata,2.0
127,2019-01-29T15:30:00.000Z,ANZIO,41.45,12.616667,Pannocchia, Canocchia,1.7
128,2019-01-29T15:30:00.000Z,ANZIO,41.45,12.616667,Polpo di scoglio ,8.8
129,2019-01-12T13:30:00.000Z,MARGHERITA DI SAVOIA,41.366665000000005,16.133333,Cuore,70.0
130,2019-01-17T10:30:00.000Z,MARGHERITA DI SAVOIA,41.366665000000005,16.133333,Cuore,50.0
131,2019-01-11T13:05:00.000Z,MARGHERITA DI SAVOIA,41.366665000000005,16.133333,Cuore,70.0
132,2019-01-18T09:30:00.000Z,MARGHERITA DI SAVOIA,41.366665000000005,16.133333,Cuore,60.0
133,2019-01-17T09:00:00.000Z,MARGHERITA DI SAVOIA,41.366665000000005,16.133333,Cuore,60.0
134,2019-01-23T15:30:00.000Z,ANZIO,41.45,12.616667,Cuore,36.7
135,2019-01-23T15:30:00.000Z,ANZIO,41.45,12.616667,Murice ,16.4
136,2019-01-23T15:30:00.000Z,ANZIO,41.45,12.616667,Seppia comune,21.7
137,2019-01-23T15:30:00.000Z,ANZIO,41.45,12.616667,Scorfano rosso,0.4
138,2019-01-23T15:30:00.000Z,ANZIO,41.45,12.616667,Sogliola,2.5
139,2019-01-23T15:30:00.000Z,ANZIO,41.45,12.616667,Merluzzo argentato - Nasello,1.3
140,2019-01-23T15:30:00.000Z,ANZIO,41.45,12.616667,Mazzancolla ,1.6
141,2019-01-23T15:30:00.000Z,ANZIO,41.45,12.616667,Suacia,12.4
142,2019-01-23T15:30:00.000Z,ANZIO,41.45,12.616667,Pesce prete,0.9
143,2019-01-23T15:30:00.000Z,ANZIO,41.45,12.616667,Tracina drago ,8.5
144,2019-01-23T15:30:00.000Z,ANZIO,41.45,12.616667,Rombo liscio,0.2
145,2019-01-23T15:30:00.000Z,ANZIO,41.45,12.616667,Capone lira,0.7
146,2019-01-23T15:30:00.000Z,ANZIO,41.45,12.616667,Razza stellata,18.1
147,2019-01-23T15:30:00.000Z,ANZIO,41.45,12.616667,Polpo di scoglio ,2.3
148,2019-01-09T15:30:00.000Z,ANZIO,41.45,12.616667,Cuore,14.0
149,2019-01-09T15:30:00.000Z,ANZIO,41.45,12.616667,Murice ,10.9
150,2019-01-09T15:30:00.000Z,ANZIO,41.45,12.616667,Seppia comune,16.5
151,2019-01-09T15:30:00.000Z,ANZIO,41.45,12.616667,Scorfano rosso,0.3
152,2019-01-09T15:30:00.000Z,ANZIO,41.45,12.616667,Sogliola,1.8
153,2019-01-09T15:30:00.000Z,ANZIO,41.45,12.616667,Mazzancolla ,0.3
154,2019-01-09T15:30:00.000Z,ANZIO,41.45,12.616667,Suacia,9.0
155,2019-01-09T15:30:00.000Z,ANZIO,41.45,12.616667,Pesce prete,1.0
156,2019-01-09T15:30:00.000Z,ANZIO,41.45,12.616667,Trachinus spp,8.2
157,2019-01-09T15:30:00.000Z,ANZIO,41.45,12.616667,Rombo liscio,1.1
158,2019-01-09T15:30:00.000Z,ANZIO,41.45,12.616667,Capone lira,1.0
159,2019-01-09T15:30:00.000Z,ANZIO,41.45,12.616667,Razza stellata,3.8
160,2019-01-16T15:30:00.000Z,ANZIO,41.45,12.616667,Cuore,11.1
161,2019-01-16T15:30:00.000Z,ANZIO,41.45,12.616667,Seppia comune,21.3
162,2019-01-16T15:30:00.000Z,ANZIO,41.45,12.616667,Sogliola,2.6
163,2019-01-16T15:30:00.000Z,ANZIO,41.45,12.616667,Suacia,8.8
164,2019-01-16T15:30:00.000Z,ANZIO,41.45,12.616667,Pesce prete,2.6
165,2019-01-16T15:30:00.000Z,ANZIO,41.45,12.616667,Tracina drago ,3.5
166,2019-01-16T15:30:00.000Z,ANZIO,41.45,12.616667,Rombo liscio,1.1
167,2019-01-16T15:30:00.000Z,ANZIO,41.45,12.616667,Razza stellata,5.3
168,2019-01-16T15:30:00.000Z,ANZIO,41.45,12.616667,Polpo di scoglio ,3.2
169,2019-01-02T15:30:00.000Z,ANZIO,41.45,12.616667,Cuore,22.0
170,2019-01-02T15:30:00.000Z,ANZIO,41.45,12.616667,Fragolino,0.3
171,2019-01-02T15:30:00.000Z,ANZIO,41.45,12.616667,Murice ,10.1
172,2019-01-02T15:30:00.000Z,ANZIO,41.45,12.616667,Seppia comune,20.0
173,2019-01-02T15:30:00.000Z,ANZIO,41.45,12.616667,Scorfano rosso,0.7
174,2019-01-02T15:30:00.000Z,ANZIO,41.45,12.616667,Sogliola,3.0
175,2019-01-02T15:30:00.000Z,ANZIO,41.45,12.616667,Merluzzo argentato - Nasello,1.3
176,2019-01-02T15:30:00.000Z,ANZIO,41.45,12.616667,Mazzancolla ,0.7
177,2019-01-02T15:30:00.000Z,ANZIO,41.45,12.616667,Suacia,11.9
178,2019-01-02T15:30:00.000Z,ANZIO,41.45,12.616667,Pesce prete,2.0
179,2019-01-02T15:30:00.000Z,ANZIO,41.45,12.616667,Triglia di fango,1.3
180,2019-01-02T15:30:00.000Z,ANZIO,41.45,12.616667,Trachinus spp,5.4
181,2019-01-02T15:30:00.000Z,ANZIO,41.45,12.616667,Rombo liscio,2.0
182,2019-01-02T15:30:00.000Z,ANZIO,41.45,12.616667,Capone lira,1.5
183,2019-01-02T15:30:00.000Z,ANZIO,41.45,12.616667,Razza stellata,8.8
184,2019-01-02T15:30:00.000Z,ANZIO,41.45,12.616667,Rana pescatrice - Rospo,2.6
185,2019-01-02T15:30:00.000Z,ANZIO,41.45,12.616667,Polpo di scoglio ,1.8
186,2019-01-03T15:30:00.000Z,ANZIO,41.45,12.616667,Cuore,9.3
187,2019-01-03T15:30:00.000Z,ANZIO,41.45,12.616667,Murice ,8.2
188,2019-01-03T15:30:00.000Z,ANZIO,41.45,12.616667,Seppia comune,11.6
189,2019-01-03T15:30:00.000Z,ANZIO,41.45,12.616667,Sogliola,5.3
190,2019-01-03T15:30:00.000Z,ANZIO,41.45,12.616667,Mazzancolla ,2.2
191,2019-01-03T15:30:00.000Z,ANZIO,41.45,12.616667,Rombo chiodato,1.4
192,2019-01-03T15:30:00.000Z,ANZIO,41.45,12.616667,Suacia,7.7
193,2019-01-03T15:30:00.000Z,ANZIO,41.45,12.616667,Pesce prete,1.0
194,2019-01-03T15:30:00.000Z,ANZIO,41.45,12.616667,Capone lira,0.8
195,2019-01-03T15:30:00.000Z,ANZIO,41.45,12.616667,Razza stellata,0.8
196,2019-01-03T15:30:00.000Z,ANZIO,41.45,12.616667,Polpo di scoglio ,2.8
197,2019-01-11T15:30:00.000Z,ANZIO,41.45,12.616667,Cuore,5.9
198,2019-01-11T15:30:00.000Z,ANZIO,41.45,12.616667,Murice ,3.8
199,2019-01-11T15:30:00.000Z,ANZIO,41.45,12.616667,Seppia comune,13.2
200,2019-01-11T15:30:00.000Z,ANZIO,41.45,12.616667,Scorfano rosso,0.4
201,2019-01-11T15:30:00.000Z,ANZIO,41.45,12.616667,Sogliola,2.9
202,2019-01-11T15:30:00.000Z,ANZIO,41.45,12.616667,Mazzancolla ,0.4
203,2019-01-11T15:30:00.000Z,ANZIO,41.45,12.616667,Suacia,7.5
204,2019-01-11T15:30:00.000Z,ANZIO,41.45,12.616667,Trachinus spp,2.6
205,2019-01-11T15:30:00.000Z,ANZIO,41.45,12.616667,Rombo liscio,0.9
206,2019-01-11T15:30:00.000Z,ANZIO,41.45,12.616667,Polpo di scoglio ,6.5
207,2019-01-17T10:35:00.000Z,MARGHERITA DI SAVOIA,41.366665000000005,16.133333,Cuore,50.0
208,2019-01-18T09:30:00.000Z,MARGHERITA DI SAVOIA,41.366665000000005,16.133333,Cuore,100.0
209,2019-01-18T15:30:00.000Z,ANZIO,41.45,12.616667,Cuore,4.8
210,2019-01-18T15:30:00.000Z,ANZIO,41.45,12.616667,Murice ,7.3
211,2019-01-18T15:30:00.000Z,ANZIO,41.45,12.616667,Seppia comune,10.2
212,2019-01-18T15:30:00.000Z,ANZIO,41.45,12.616667,Sogliola,3.5
213,2019-01-18T15:30:00.000Z,ANZIO,41.45,12.616667,Mazzancolla ,3.3
214,2019-01-18T15:30:00.000Z,ANZIO,41.45,12.616667,Suacia,4.8
215,2019-01-18T15:30:00.000Z,ANZIO,41.45,12.616667,Pesce prete,0.3
216,2019-01-18T15:30:00.000Z,ANZIO,41.45,12.616667,Capone lira,0.2
217,2019-01-18T15:30:00.000Z,ANZIO,41.45,12.616667,Razza stellata,0.2
218,2019-01-18T15:30:00.000Z,ANZIO,41.45,12.616667,Polpo di scoglio ,3.0
219,2019-01-17T09:05:00.000Z,MARGHERITA DI SAVOIA,41.366665000000005,16.133333,Cuore,70.0
220,2019-01-04T15:30:00.000Z,ANZIO,41.45,12.616667,Cuore,9.8
221,2019-01-04T15:30:00.000Z,ANZIO,41.45,12.616667,Seppia comune,12.2
222,2019-01-04T15:30:00.000Z,ANZIO,41.45,12.616667,Sogliola,2.5
223,2019-01-04T15:30:00.000Z,ANZIO,41.45,12.616667,Suacia,7.8
224,2019-01-04T15:30:00.000Z,ANZIO,41.45,12.616667,Trachinus spp,6.3
225,2019-01-04T15:30:00.000Z,ANZIO,41.45,12.616667,Rombo liscio,0.8
226,2019-01-04T15:30:00.000Z,ANZIO,41.45,12.616667,Razza stellata,1.1
227,2019-01-04T15:30:00.000Z,ANZIO,41.45,12.616667,Polpo di scoglio ,2.5
228,2019-01-15T15:30:00.000Z,ANZIO,41.45,12.616667,Cuore,12.3
229,2019-01-15T15:30:00.000Z,ANZIO,41.45,12.616667,Murice ,8.1
230,2019-01-15T15:30:00.000Z,ANZIO,41.45,12.616667,Seppia comune,9.3
231,2019-01-15T15:30:00.000Z,ANZIO,41.45,12.616667,Sogliola,10.6
232,2019-01-15T15:30:00.000Z,ANZIO,41.45,12.616667,Mazzancolla ,2.8
233,2019-01-15T15:30:00.000Z,ANZIO,41.45,12.616667,Suacia,6.4
234,2019-01-15T15:30:00.000Z,ANZIO,41.45,12.616667,Polpo di scoglio ,2.9
235,2019-01-10T15:30:00.000Z,ANZIO,41.45,12.616667,Cuore,5.1
236,2019-01-10T15:30:00.000Z,ANZIO,41.45,12.616667,Murice ,15.2
237,2019-01-10T15:30:00.000Z,ANZIO,41.45,12.616667,Seppia comune,17.6
238,2019-01-10T15:30:00.000Z,ANZIO,41.45,12.616667,Sogliola,8.4
239,2019-01-10T15:30:00.000Z,ANZIO,41.45,12.616667,Mazzancolla ,5.7
240,2019-01-10T15:30:00.000Z,ANZIO,41.45,12.616667,Suacia,8.6
241,2019-01-10T15:30:00.000Z,ANZIO,41.45,12.616667,Rombo liscio,0.6
242,2019-01-14T15:30:00.000Z,ANZIO,41.45,12.616667,Cuore,1.2
243,2019-01-14T15:30:00.000Z,ANZIO,41.45,12.616667,Fragolino,0.2
244,2019-01-14T15:30:00.000Z,ANZIO,41.45,12.616667,Seppia comune,7.4
245,2019-01-14T15:30:00.000Z,ANZIO,41.45,12.616667,Sogliola,5.7
246,2019-01-14T15:30:00.000Z,ANZIO,41.45,12.616667,Mazzancolla ,4.2
247,2019-01-14T15:30:00.000Z,ANZIO,41.45,12.616667,Suacia,2.6
248,2019-01-14T15:30:00.000Z,ANZIO,41.45,12.616667,Trachinus spp,0.4
249,2019-01-14T15:30:00.000Z,ANZIO,41.45,12.616667,Razza stellata,0.4
250,2019-01-14T15:30:00.000Z,ANZIO,41.45,12.616667,Polpo di scoglio ,2.3
251,2019-01-18T10:10:00.000Z,MARGHERITA DI SAVOIA,41.366665000000005,16.133333,Cuore,70.0
252,2019-01-21T15:30:00.000Z,ANZIO,41.45,12.616667,Cuore,17.9
253,2019-01-21T15:30:00.000Z,ANZIO,41.45,12.616667,Murice ,6.2
254,2019-01-21T15:30:00.000Z,ANZIO,41.45,12.616667,Seppia comune,14.5
255,2019-01-21T15:30:00.000Z,ANZIO,41.45,12.616667,Scorfano rosso,0.5
256,2019-01-21T15:30:00.000Z,ANZIO,41.45,12.616667,Sogliola,2.8
257,2019-01-21T15:30:00.000Z,ANZIO,41.45,12.616667,Mazzancolla ,2.9
258,2019-01-21T15:30:00.000Z,ANZIO,41.45,12.616667,Suacia,10.3
259,2019-01-21T15:30:00.000Z,ANZIO,41.45,12.616667,Tracina drago ,8.2
260,2019-01-21T15:30:00.000Z,ANZIO,41.45,12.616667,Rombo liscio,1.8
261,2019-01-21T15:30:00.000Z,ANZIO,41.45,12.616667,Razza stellata,3.1
262,2019-01-21T15:30:00.000Z,ANZIO,41.45,12.616667,Polpo di scoglio ,2.4
263,2019-02-15T10:15:00.000Z,MARGHERITA DI SAVOIA,41.366665000000005,16.133333,Cuore,50.0
264,2019-02-08T09:30:00.000Z,MARGHERITA DI SAVOIA,41.366665000000005,16.133333,Cuore,130.0
265,2019-01-25T09:00:00.000Z,MARGHERITA DI SAVOIA,41.366665000000005,16.133333,Cuore,60.0
266,2019-02-21T09:05:00.000Z,MARGHERITA DI SAVOIA,41.366665000000005,16.133333,Cuore,100.0
267,2019-02-15T09:10:00.000Z,MARGHERITA DI SAVOIA,41.366665000000005,16.133333,Cuore,50.0
268,2019-02-08T10:05:00.000Z,MARGHERITA DI SAVOIA,41.366665000000005,16.133333,Cuore,100.0
269,2019-02-01T09:30:00.000Z,MARGHERITA DI SAVOIA,41.366665000000005,16.133333,Cuore,70.0
270,2019-01-31T08:10:00.000Z,MARGHERITA DI SAVOIA,41.366665000000005,16.133333,Cuore,120.0
271,2019-02-19T15:30:00.000Z,ANZIO,41.45,12.616667,Cuore,24.7
272,2019-02-19T15:30:00.000Z,ANZIO,41.45,12.616667,Murice ,12.4
273,2019-02-19T15:30:00.000Z,ANZIO,41.45,12.616667,Seppia comune,8.5
274,2019-02-19T15:30:00.000Z,ANZIO,41.45,12.616667,Sogliola,2.7
275,2019-02-19T15:30:00.000Z,ANZIO,41.45,12.616667,Rombo chiodato,2.3
276,2019-02-19T15:30:00.000Z,ANZIO,41.45,12.616667,Suacia,26.8
277,2019-02-19T15:30:00.000Z,ANZIO,41.45,12.616667,Pesce prete,2.0
278,2019-02-19T15:30:00.000Z,ANZIO,41.45,12.616667,Trachinus spp,3.1
279,2019-02-19T15:30:00.000Z,ANZIO,41.45,12.616667,Rombo liscio,4.2
280,2019-02-19T15:30:00.000Z,ANZIO,41.45,12.616667,Razza stellata,4.9
281,2019-02-19T15:30:00.000Z,ANZIO,41.45,12.616667,Rana pescatrice - Rospo,7.5
282,2019-02-19T15:30:00.000Z,ANZIO,41.45,12.616667,Polpo di scoglio ,7.7
283,2019-02-01T09:15:00.000Z,MARGHERITA DI SAVOIA,41.366665000000005,16.133333,Cuore,80.0
284,2019-02-01T12:00:00.000Z,MARGHERITA DI SAVOIA,41.366665000000005,16.133333,Cuore,60.0
285,2019-01-24T08:05:00.000Z,MARGHERITA DI SAVOIA,41.366665000000005,16.133333,Cuore,60.0
286,2019-02-13T15:30:00.000Z,ANZIO,41.45,12.616667,Cuore,2.3
287,2019-02-13T15:30:00.000Z,ANZIO,41.45,12.616667,Murice ,12.8
288,2019-02-13T15:30:00.000Z,ANZIO,41.45,12.616667,Seppia comune,20.3
289,2019-02-13T15:30:00.000Z,ANZIO,41.45,12.616667,Sogliola,3.0
290,2019-02-13T15:30:00.000Z,ANZIO,41.45,12.616667,Mazzancolla ,2.8
291,2019-02-13T15:30:00.000Z,ANZIO,41.45,12.616667,Suacia,4.3
292,2019-02-13T15:30:00.000Z,ANZIO,41.45,12.616667,Trachinus spp,1.9
293,2019-02-13T15:30:00.000Z,ANZIO,41.45,12.616667,Razza stellata,3.7
294,2019-02-13T15:30:00.000Z,ANZIO,41.45,12.616667,Polpo di scoglio ,4.8
295,2019-02-22T08:00:00.000Z,MARGHERITA DI SAVOIA,41.366665000000005,16.133333,Cuore,70.0
296,2019-02-18T15:30:00.000Z,ANZIO,41.45,12.616667,Cuore,24.3
297,2019-02-18T15:30:00.000Z,ANZIO,41.45,12.616667,Murice ,11.5
298,2019-02-18T15:30:00.000Z,ANZIO,41.45,12.616667,Seppia comune,7.8
299,2019-02-18T15:30:00.000Z,ANZIO,41.45,12.616667,Sogliola,4.8
300,2019-02-18T15:30:00.000Z,ANZIO,41.45,12.616667,Rombo chiodato,1.4
301,2019-02-18T15:30:00.000Z,ANZIO,41.45,12.616667,Suacia,13.6
302,2019-02-18T15:30:00.000Z,ANZIO,41.45,12.616667,Pesce prete,2.9
303,2019-02-18T15:30:00.000Z,ANZIO,41.45,12.616667,Trachinus spp,6.0
304,2019-02-18T15:30:00.000Z,ANZIO,41.45,12.616667,Moscardino bianco,1.7
305,2019-02-18T15:30:00.000Z,ANZIO,41.45,12.616667,Razza stellata,11.8
306,2019-02-18T15:30:00.000Z,ANZIO,41.45,12.616667,Rana pescatrice - Rospo,4.4
307,2019-02-08T10:10:00.000Z,MARGHERITA DI SAVOIA,41.366665000000005,16.133333,Cuore,100.0
308,2019-02-25T15:30:00.000Z,ANZIO,41.45,12.616667,Cuore,7.3
309,2019-02-25T15:30:00.000Z,ANZIO,41.45,12.616667,Murice ,11.1
310,2019-02-25T15:30:00.000Z,ANZIO,41.45,12.616667,Seppia comune,6.7
311,2019-02-25T15:30:00.000Z,ANZIO,41.45,12.616667,Sogliola,2.4
312,2019-02-25T15:30:00.000Z,ANZIO,41.45,12.616667,Rombo chiodato,1.8
313,2019-02-25T15:30:00.000Z,ANZIO,41.45,12.616667,Suacia,8.8
314,2019-02-25T15:30:00.000Z,ANZIO,41.45,12.616667,Trachinus spp,5.4
315,2019-02-25T15:30:00.000Z,ANZIO,41.45,12.616667,Moscardino bianco,1.3
316,2019-02-25T15:30:00.000Z,ANZIO,41.45,12.616667,Rana pescatrice - Rospo,2.2
317,2019-02-25T15:30:00.000Z,ANZIO,41.45,12.616667,Polpo di scoglio ,1.7
318,2019-02-08T11:05:00.000Z,MARGHERITA DI SAVOIA,41.366665000000005,16.133333,Cuore,100.0
319,2019-01-24T10:00:00.000Z,MARGHERITA DI SAVOIA,41.366665000000005,16.133333,Cuore,100.0
320,2019-01-30T15:30:00.000Z,ANZIO,41.45,12.616667,Cuore,15.0
321,2019-01-30T15:30:00.000Z,ANZIO,41.45,12.616667,Murice ,12.9
322,2019-01-30T15:30:00.000Z,ANZIO,41.45,12.616667,Seppia comune,24.8
323,2019-01-30T15:30:00.000Z,ANZIO,41.45,12.616667,Sogliola,6.7
324,2019-01-30T15:30:00.000Z,ANZIO,41.45,12.616667,Suacia,10.4
325,2019-01-30T15:30:00.000Z,ANZIO,41.45,12.616667,Pesce prete,2.1
326,2019-01-30T15:30:00.000Z,ANZIO,41.45,12.616667,Trachinus spp,0.7
327,2019-01-30T15:30:00.000Z,ANZIO,41.45,12.616667,Polpo di scoglio ,4.9
328,2019-01-31T09:40:00.000Z,MARGHERITA DI SAVOIA,41.366665000000005,16.133333,Cuore,60.0
329,2019-01-31T09:15:00.000Z,MARGHERITA DI SAVOIA,41.366665000000005,16.133333,Cuore,70.0
330,2019-02-15T08:30:00.000Z,MARGHERITA DI SAVOIA,41.366665000000005,16.133333,Cuore,100.0
331,2019-02-07T15:30:00.000Z,ANZIO,41.45,12.616667,Cuore,19.0
332,2019-02-07T15:30:00.000Z,ANZIO,41.45,12.616667,Fragolino,1.1
333,2019-02-07T15:30:00.000Z,ANZIO,41.45,12.616667,Murice ,13.6
334,2019-02-07T15:30:00.000Z,ANZIO,41.45,12.616667,Seppia comune,18.1
335,2019-02-07T15:30:00.000Z,ANZIO,41.45,12.616667,Scorfano rosso,0.7
336,2019-02-07T15:30:00.000Z,ANZIO,41.45,12.616667,Sogliola,0.5
337,2019-02-07T15:30:00.000Z,ANZIO,41.45,12.616667,Mazzancolla ,0.7
338,2019-02-07T15:30:00.000Z,ANZIO,41.45,12.616667,Suacia,18.7
339,2019-02-07T15:30:00.000Z,ANZIO,41.45,12.616667,Pesce prete,2.3
340,2019-02-07T15:30:00.000Z,ANZIO,41.45,12.616667,Trachinus spp,4.7
341,2019-02-07T15:30:00.000Z,ANZIO,41.45,12.616667,Rombo liscio,0.5
342,2019-02-07T15:30:00.000Z,ANZIO,41.45,12.616667,Capone lira,1.1
343,2019-02-07T15:30:00.000Z,ANZIO,41.45,12.616667,Razza stellata,3.6
344,2019-02-07T15:30:00.000Z,ANZIO,41.45,12.616667,Pannocchia, Canocchia,0.3
345,2019-02-07T15:30:00.000Z,ANZIO,41.45,12.616667,Polpo di scoglio ,2.8
346,2019-02-05T15:30:00.000Z,ANZIO,41.45,12.616667,Cuore,28.6
347,2019-02-05T15:30:00.000Z,ANZIO,41.45,12.616667,Murice ,7.4
348,2019-02-05T15:30:00.000Z,ANZIO,41.45,12.616667,Seppia comune,17.5
349,2019-02-05T15:30:00.000Z,ANZIO,41.45,12.616667,Sogliola,0.7
350,2019-02-05T15:30:00.000Z,ANZIO,41.45,12.616667,Suacia,11.0
351,2019-02-05T15:30:00.000Z,ANZIO,41.45,12.616667,Pesce prete,2.8
352,2019-02-05T15:30:00.000Z,ANZIO,41.45,12.616667,Trachinus spp,6.3
353,2019-02-22T09:05:00.000Z,MARGHERITA DI SAVOIA,41.366665000000005,16.133333,Cuore,80.0
354,2019-02-04T15:30:00.000Z,ANZIO,41.45,12.616667,Cuore,6.4
355,2019-02-04T15:30:00.000Z,ANZIO,41.45,12.616667,Murice ,12.1
356,2019-02-04T15:30:00.000Z,ANZIO,41.45,12.616667,Seppia comune,19.6
357,2019-02-04T15:30:00.000Z,ANZIO,41.45,12.616667,Sogliola,1.3
358,2019-02-04T15:30:00.000Z,ANZIO,41.45,12.616667,Mazzancolla ,3.0
359,2019-02-04T15:30:00.000Z,ANZIO,41.45,12.616667,Suacia,3.8
360,2019-02-04T15:30:00.000Z,ANZIO,41.45,12.616667,Razza stellata,3.3
361,2019-02-12T15:30:00.000Z,ANZIO,41.45,12.616667,Cuore,5.6
362,2019-02-12T15:30:00.000Z,ANZIO,41.45,12.616667,Murice ,5.3
363,2019-02-12T15:30:00.000Z,ANZIO,41.45,12.616667,Seppia comune,28.1
364,2019-02-12T15:30:00.000Z,ANZIO,41.45,12.616667,Sogliola,2.1
365,2019-02-12T15:30:00.000Z,ANZIO,41.45,12.616667,Mazzancolla ,1.9
366,2019-02-12T15:30:00.000Z,ANZIO,41.45,12.616667,Suacia,1.4
367,2019-02-12T15:30:00.000Z,ANZIO,41.45,12.616667,Pesce prete,0.9
368,2019-02-12T15:30:00.000Z,ANZIO,41.45,12.616667,Tracina drago ,1.4
369,2019-02-12T15:30:00.000Z,ANZIO,41.45,12.616667,Capone lira,0.7
370,2019-02-12T15:30:00.000Z,ANZIO,41.45,12.616667,Razza stellata,3.5
371,2019-02-12T15:30:00.000Z,ANZIO,41.45,12.616667,Polpo di scoglio ,6.3
372,2019-02-22T08:30:00.000Z,MARGHERITA DI SAVOIA,41.366665000000005,16.133333,Cuore,80.0
373,2019-02-21T09:00:00.000Z,MARGHERITA DI SAVOIA,41.366665000000005,16.133333,Cuore,100.0
374,2019-02-01T09:30:00.000Z,MARGHERITA DI SAVOIA,41.366665000000005,16.133333,Cuore,100.0
375,2019-01-29T11:50:00.000Z,MARGHERITA DI SAVOIA,41.366665000000005,16.133333,Cuore,10.0
376,2019-01-29T11:50:00.000Z,MARGHERITA DI SAVOIA,41.366665000000005,16.133333,Merluzzo carbonaro ,10.0
377,2019-01-29T11:50:00.000Z,MARGHERITA DI SAVOIA,41.366665000000005,16.133333,Seppia comune,5.0
378,2019-01-29T11:50:00.000Z,MARGHERITA DI SAVOIA,41.366665000000005,16.133333,Triglia di fango,5.0
379,2019-01-29T11:50:00.000Z,MARGHERITA DI SAVOIA,41.366665000000005,16.133333,Polpo di scoglio ,5.0
380,2019-02-06T15:30:00.000Z,ANZIO,41.45,12.616667,Cuore,16.2
381,2019-02-06T15:30:00.000Z,ANZIO,41.45,12.616667,Murice ,4.4
382,2019-02-06T15:30:00.000Z,ANZIO,41.45,12.616667,Seppia comune,9.2
383,2019-02-06T15:30:00.000Z,ANZIO,41.45,12.616667,Scorfano rosso,0.2
384,2019-02-06T15:30:00.000Z,ANZIO,41.45,12.616667,Sogliola,0.1
385,2019-02-06T15:30:00.000Z,ANZIO,41.45,12.616667,Mazzancolla ,0.2
386,2019-02-06T15:30:00.000Z,ANZIO,41.45,12.616667,Suacia,8.3
387,2019-02-06T15:30:00.000Z,ANZIO,41.45,12.616667,Pesce prete,2.3
388,2019-02-06T15:30:00.000Z,ANZIO,41.45,12.616667,Tracina drago ,3.0
389,2019-02-06T15:30:00.000Z,ANZIO,41.45,12.616667,Trachinus spp,3.0
390,2019-02-06T15:30:00.000Z,ANZIO,41.45,12.616667,Rombo liscio,0.1
391,2019-02-06T15:30:00.000Z,ANZIO,41.45,12.616667,Capone lira,1.7
392,2019-02-06T15:30:00.000Z,ANZIO,41.45,12.616667,Razza stellata,3.0
393,2019-01-24T10:30:00.000Z,MARGHERITA DI SAVOIA,41.366665000000005,16.133333,Cuore,60.0
394,2019-02-20T15:30:00.000Z,ANZIO,41.45,12.616667,Cuore,28.5
395,2019-02-20T15:30:00.000Z,ANZIO,41.45,12.616667,Murice ,12.7
396,2019-02-20T15:30:00.000Z,ANZIO,41.45,12.616667,Seppia comune,8.5
397,2019-02-20T15:30:00.000Z,ANZIO,41.45,12.616667,Sogliola,3.7
398,2019-02-20T15:30:00.000Z,ANZIO,41.45,12.616667,Suacia,0.7
399,2019-02-20T15:30:00.000Z,ANZIO,41.45,12.616667,Pesce prete,3.0
400,2019-02-20T15:30:00.000Z,ANZIO,41.45,12.616667,Trachinus spp,2.4
401,2019-02-20T15:30:00.000Z,ANZIO,41.45,12.616667,Rombo liscio,3.6
402,2019-02-20T15:30:00.000Z,ANZIO,41.45,12.616667,Razza stellata,7.0
403,2019-02-20T15:30:00.000Z,ANZIO,41.45,12.616667,Rana pescatrice - Rospo,2.1
404,2019-02-01T09:15:00.000Z,MARGHERITA DI SAVOIA,41.366665000000005,16.133333,Cuore,70.0
405,2019-02-21T15:30:00.000Z,ANZIO,41.45,12.616667,Cuore,25.0
406,2019-02-21T15:30:00.000Z,ANZIO,41.45,12.616667,Murice ,3.4
407,2019-02-21T15:30:00.000Z,ANZIO,41.45,12.616667,Seppia comune,5.3
408,2019-02-21T15:30:00.000Z,ANZIO,41.45,12.616667,Scorfano rosso,0.5
409,2019-02-21T15:30:00.000Z,ANZIO,41.45,12.616667,Sogliola,0.4
410,2019-02-21T15:30:00.000Z,ANZIO,41.45,12.616667,Mazzancolla ,0.5
411,2019-02-21T15:30:00.000Z,ANZIO,41.45,12.616667,Suacia,19.9
412,2019-02-21T15:30:00.000Z,ANZIO,41.45,12.616667,Pesce prete,2.4
413,2019-02-21T15:30:00.000Z,ANZIO,41.45,12.616667,Trachinus spp,6.5
414,2019-02-21T15:30:00.000Z,ANZIO,41.45,12.616667,Rombo liscio,1.1
415,2019-02-21T15:30:00.000Z,ANZIO,41.45,12.616667,Moscardino bianco,2.7
416,2019-02-21T15:30:00.000Z,ANZIO,41.45,12.616667,Capone lira,1.8
417,2019-02-21T15:30:00.000Z,ANZIO,41.45,12.616667,Razza stellata,5.9
418,2019-02-21T15:30:00.000Z,ANZIO,41.45,12.616667,Rana pescatrice - Rospo,1.7
419,2019-01-31T09:30:00.000Z,MARGHERITA DI SAVOIA,41.366665000000005,16.133333,Cuore,70.0
420,2019-02-01T10:10:00.000Z,MARGHERITA DI SAVOIA,41.366665000000005,16.133333,Cuore,70.0
421,2019-02-22T15:30:00.000Z,ANZIO,41.45,12.616667,Cuore,12.7
422,2019-02-22T15:30:00.000Z,ANZIO,41.45,12.616667,Fragolino,0.3
423,2019-02-22T15:30:00.000Z,ANZIO,41.45,12.616667,Murice ,8.1
424,2019-02-22T15:30:00.000Z,ANZIO,41.45,12.616667,Seppia comune,9.4
425,2019-02-22T15:30:00.000Z,ANZIO,41.45,12.616667,Sogliola,2.3
426,2019-02-22T15:30:00.000Z,ANZIO,41.45,12.616667,Suacia,12.1
427,2019-02-22T15:30:00.000Z,ANZIO,41.45,12.616667,Pesce prete,4.0
428,2019-02-22T15:30:00.000Z,ANZIO,41.45,12.616667,Trachinus spp,2.3
429,2019-02-22T15:30:00.000Z,ANZIO,41.45,12.616667,Rombo liscio,0.8
430,2019-02-22T15:30:00.000Z,ANZIO,41.45,12.616667,Moscardino bianco,1.0
431,2019-02-22T15:30:00.000Z,ANZIO,41.45,12.616667,Razza stellata,6.3
432,2019-02-22T15:30:00.000Z,ANZIO,41.45,12.616667,Polpo di scoglio ,2.7
433,2019-01-31T08:30:00.000Z,MARGHERITA DI SAVOIA,41.366665000000005,16.133333,Cuore,80.0
434,2019-02-15T09:10:00.000Z,MARGHERITA DI SAVOIA,41.366665000000005,16.133333,Cuore,50.0
435,2019-01-24T10:35:00.000Z,MARGHERITA DI SAVOIA,41.366665000000005,16.133333,Cuore,60.0
436,2019-01-31T10:30:00.000Z,MARGHERITA DI SAVOIA,41.366665000000005,16.133333,Cuore,70.0
437,2019-03-14T09:30:00.000Z,MARGHERITA DI SAVOIA,41.366665000000005,16.133333,Cuore,60.0
438,2019-03-07T08:00:00.000Z,MARGHERITA DI SAVOIA,41.366665000000005,16.133333,Cuore,70.0
439,2019-03-07T10:30:00.000Z,MARGHERITA DI SAVOIA,41.366665000000005,16.133333,Cuore,60.0
440,2019-03-15T08:30:00.000Z,MARGHERITA DI SAVOIA,41.366665000000005,16.133333,Cuore,120.0
441,2019-03-01T10:15:00.000Z,MARGHERITA DI SAVOIA,41.366665000000005,16.133333,Cuore,70.0
442,2019-03-19T15:30:00.000Z,ANZIO,41.45,12.616667,Cuore,5.5
443,2019-03-19T15:30:00.000Z,ANZIO,41.45,12.616667,Seppia comune,7.3
444,2019-03-19T15:30:00.000Z,ANZIO,41.45,12.616667,Scorfano rosso,0.3
445,2019-03-19T15:30:00.000Z,ANZIO,41.45,12.616667,Sogliola,6.7
446,2019-03-19T15:30:00.000Z,ANZIO,41.45,12.616667,Mazzancolla ,0.3
447,2019-03-19T15:30:00.000Z,ANZIO,41.45,12.616667,Suacia,5.6
448,2019-03-19T15:30:00.000Z,ANZIO,41.45,12.616667,Pesce prete,0.4
449,2019-03-19T15:30:00.000Z,ANZIO,41.45,12.616667,Triglia di fango,1.0
450,2019-03-19T15:30:00.000Z,ANZIO,41.45,12.616667,Trachinus spp,2.1
451,2019-03-19T15:30:00.000Z,ANZIO,41.45,12.616667,Rombo liscio,0.2
452,2019-03-19T15:30:00.000Z,ANZIO,41.45,12.616667,Moscardino bianco,2.2
453,2019-03-19T15:30:00.000Z,ANZIO,41.45,12.616667,Capone lira,0.3
454,2019-03-19T15:30:00.000Z,ANZIO,41.45,12.616667,Razza stellata,3.2
455,2019-03-19T15:30:00.000Z,ANZIO,41.45,12.616667,Polpo di scoglio ,4.1
456,2019-03-07T08:10:00.000Z,MARGHERITA DI SAVOIA,41.366665000000005,16.133333,Cuore,70.0
457,2019-02-28T09:15:00.000Z,MARGHERITA DI SAVOIA,41.366665000000005,16.133333,Cuore,50.0
458,2019-03-01T07:45:00.000Z,MARGHERITA DI SAVOIA,41.366665000000005,16.133333,Cuore,50.0
459,2019-03-13T15:30:00.000Z,ANZIO,41.45,12.616667,Cuore,8.0
460,2019-03-13T15:30:00.000Z,ANZIO,41.45,12.616667,Murice ,8.4
461,2019-03-13T15:30:00.000Z,ANZIO,41.45,12.616667,Seppia comune,14.1
462,2019-03-13T15:30:00.000Z,ANZIO,41.45,12.616667,Sogliola,3.8
463,2019-03-13T15:30:00.000Z,ANZIO,41.45,12.616667,Suacia,6.2
464,2019-03-13T15:30:00.000Z,ANZIO,41.45,12.616667,Pesce prete,1.3
465,2019-03-13T15:30:00.000Z,ANZIO,41.45,12.616667,Trachinus spp,7.1
466,2019-03-13T15:30:00.000Z,ANZIO,41.45,12.616667,Capone lira,1.0
467,2019-03-13T15:30:00.000Z,ANZIO,41.45,12.616667,Razza stellata,3.4
468,2019-03-26T08:30:00.000Z,MARGHERITA DI SAVOIA,41.366665000000005,16.133333,Cuore,70.0
469,2019-02-28T10:30:00.000Z,MARGHERITA DI SAVOIA,41.366665000000005,16.133333,Cuore,30.0
470,2019-03-15T10:10:00.000Z,MARGHERITA DI SAVOIA,41.366665000000005,16.133333,Cuore,10.0
471,2019-03-26T07:10:00.000Z,MARGHERITA DI SAVOIA,41.366665000000005,16.133333,Cuore,30.0
472,2019-03-08T09:15:00.000Z,MARGHERITA DI SAVOIA,41.366665000000005,16.133333,Cuore,60.0
473,2019-02-27T15:30:00.000Z,ANZIO,41.45,12.616667,Cuore,28.8
474,2019-02-27T15:30:00.000Z,ANZIO,41.45,12.616667,Murice ,13.4
475,2019-02-27T15:30:00.000Z,ANZIO,41.45,12.616667,Seppia comune,5.6
476,2019-02-27T15:30:00.000Z,ANZIO,41.45,12.616667,Sogliola,1.2
477,2019-02-27T15:30:00.000Z,ANZIO,41.45,12.616667,Merluzzo argentato - Nasello,1.1
478,2019-02-27T15:30:00.000Z,ANZIO,41.45,12.616667,Suacia,8.9
479,2019-02-27T15:30:00.000Z,ANZIO,41.45,12.616667,Pesce prete,1.1
480,2019-02-27T15:30:00.000Z,ANZIO,41.45,12.616667,Trachinus spp,3.7
481,2019-02-27T15:30:00.000Z,ANZIO,41.45,12.616667,Moscardino bianco,1.6
482,2019-02-27T15:30:00.000Z,ANZIO,41.45,12.616667,Razza stellata,2.9
483,2019-02-27T15:30:00.000Z,ANZIO,41.45,12.616667,Rana pescatrice - Rospo,3.7
484,2019-03-20T12:30:00.000Z,ANZIO,41.45,12.616667,Cuore,8.4
485,2019-03-20T12:30:00.000Z,ANZIO,41.45,12.616667,Seppia comune,1.5
486,2019-03-20T12:30:00.000Z,ANZIO,41.45,12.616667,Sogliola,1.9
487,2019-03-20T12:30:00.000Z,ANZIO,41.45,12.616667,Suacia,7.6
488,2019-03-20T12:30:00.000Z,ANZIO,41.45,12.616667,Pesce prete,1.0
489,2019-03-20T12:30:00.000Z,ANZIO,41.45,12.616667,Trachinus spp,1.5
490,2019-03-20T12:30:00.000Z,ANZIO,41.45,12.616667,Rombo liscio,1.1
491,2019-03-20T12:30:00.000Z,ANZIO,41.45,12.616667,Capone lira,0.7
492,2019-03-20T12:30:00.000Z,ANZIO,41.45,12.616667,Razza stellata,0.7
493,2019-03-20T12:30:00.000Z,ANZIO,41.45,12.616667,Polpo di scoglio ,1.9
494,2019-03-08T15:30:00.000Z,ANZIO,41.45,12.616667,Cuore,19.0
495,2019-03-08T15:30:00.000Z,ANZIO,41.45,12.616667,Murice ,1.3
496,2019-03-08T15:30:00.000Z,ANZIO,41.45,12.616667,Seppia comune,7.1
497,2019-03-08T15:30:00.000Z,ANZIO,41.45,12.616667,Sogliola,2.3
498,2019-03-08T15:30:00.000Z,ANZIO,41.45,12.616667,Suacia,5.1
499,2019-03-08T15:30:00.000Z,ANZIO,41.45,12.616667,Pesce prete,0.7
500,2019-03-08T15:30:00.000Z,ANZIO,41.45,12.616667,Tracina drago ,3.2
501,2019-03-08T15:30:00.000Z,ANZIO,41.45,12.616667,Trachinus spp,3.2
502,2019-03-08T15:30:00.000Z,ANZIO,41.45,12.616667,Moscardino bianco,1.3
503,2019-03-08T15:30:00.000Z,ANZIO,41.45,12.616667,Capone lira,0.5
504,2019-03-08T15:30:00.000Z,ANZIO,41.45,12.616667,Razza stellata,0.5
505,2019-03-15T12:10:00.000Z,MARGHERITA DI SAVOIA,41.366665000000005,16.133333,Cuore,100.0
506,2019-02-22T08:30:00.000Z,MARGHERITA DI SAVOIA,41.366665000000005,16.133333,Cuore,50.0
507,2019-03-04T15:30:00.000Z,ANZIO,41.45,12.616667,Cuore,23.6
508,2019-03-04T15:30:00.000Z,ANZIO,41.45,12.616667,Murice ,13.3
509,2019-03-04T15:30:00.000Z,ANZIO,41.45,12.616667,Seppia comune,3.8
510,2019-03-04T15:30:00.000Z,ANZIO,41.45,12.616667,Sogliola,0.8
511,2019-03-04T15:30:00.000Z,ANZIO,41.45,12.616667,Suacia,10.0
512,2019-03-04T15:30:00.000Z,ANZIO,41.45,12.616667,Pesce prete,3.4
513,2019-03-04T15:30:00.000Z,ANZIO,41.45,12.616667,Trachinus spp,3.6
514,2019-03-04T15:30:00.000Z,ANZIO,41.45,12.616667,Rombo liscio,1.2
515,2019-03-04T15:30:00.000Z,ANZIO,41.45,12.616667,Moscardino bianco,1.1
516,2019-03-01T15:30:00.000Z,ANZIO,41.45,12.616667,Cuore,28.9
517,2019-03-01T15:30:00.000Z,ANZIO,41.45,12.616667,Murice ,24.7
518,2019-03-01T15:30:00.000Z,ANZIO,41.45,12.616667,Seppia comune,5.1
519,2019-03-01T15:30:00.000Z,ANZIO,41.45,12.616667,Scorfano rosso,0.6
520,2019-03-01T15:30:00.000Z,ANZIO,41.45,12.616667,Sogliola,2.9
521,2019-03-01T15:30:00.000Z,ANZIO,41.45,12.616667,Mazzancolla ,0.6
522,2019-03-01T15:30:00.000Z,ANZIO,41.45,12.616667,Suacia,20.4
523,2019-03-01T15:30:00.000Z,ANZIO,41.45,12.616667,Pesce prete,8.2
524,2019-03-01T15:30:00.000Z,ANZIO,41.45,12.616667,Trachinus spp,6.5
525,2019-03-01T15:30:00.000Z,ANZIO,41.45,12.616667,Rombo liscio,3.8
526,2019-03-01T15:30:00.000Z,ANZIO,41.45,12.616667,Razza stellata,14.2
527,2019-03-01T15:30:00.000Z,ANZIO,41.45,12.616667,Rana pescatrice - Rospo,1.7
528,2019-03-01T15:30:00.000Z,ANZIO,41.45,12.616667,Polpo di scoglio ,1.4
529,2019-03-08T08:00:00.000Z,MARGHERITA DI SAVOIA,41.366665000000005,16.133333,Cuore,50.0
530,2019-03-08T10:00:00.000Z,MARGHERITA DI SAVOIA,41.366665000000005,16.133333,Cuore,50.0
531,2019-02-21T09:45:00.000Z,MARGHERITA DI SAVOIA,41.366665000000005,16.133333,Cuore,50.0
532,2019-03-07T08:00:00.000Z,MARGHERITA DI SAVOIA,41.366665000000005,16.133333,Cuore,70.0
533,2019-01-15T18:45:00.000Z,PORTO SANTO STEFANO,42.416668,11.116667,Salmone atlantico ,2.0
534,2019-01-15T18:45:00.000Z,PORTO SANTO STEFANO,42.416668,11.116667,Cappellano o busbana ,36.0
535,2019-01-15T18:45:00.000Z,PORTO SANTO STEFANO,42.416668,11.116667,Gambero bianco, gambero rosa mediterraneo,152.0
536,2019-01-15T18:45:00.000Z,PORTO SANTO STEFANO,42.416668,11.116667,Merluzzo argentato - Nasello,13.0
537,2019-01-15T18:45:00.000Z,PORTO SANTO STEFANO,42.416668,11.116667,Pesce prete,2.0
538,2019-01-15T18:45:00.000Z,PORTO SANTO STEFANO,42.416668,11.116667,Triglia di fango,31.0
539,2019-01-15T18:45:00.000Z,PORTO SANTO STEFANO,42.416668,11.116667,Totano gigante,6.0
540,2019-01-15T18:45:00.000Z,PORTO SANTO STEFANO,42.416668,11.116667,Argentina,3.0
541,2019-01-15T18:45:00.000Z,PORTO SANTO STEFANO,42.416668,11.116667,Linguattola,1.0
542,2019-01-15T18:45:00.000Z,PORTO SANTO STEFANO,42.416668,11.116667,Seppiola ,3.0
543,2019-01-15T18:45:00.000Z,PORTO SANTO STEFANO,42.416668,11.116667,Seppietta ,2.0
544,2019-01-15T18:45:00.000Z,PORTO SANTO STEFANO,42.416668,11.116667,Moscardino bianco,3.0
545,2019-01-15T18:45:00.000Z,PORTO SANTO STEFANO,42.416668,11.116667,Sugarello maggiore,4.0
546,2019-01-15T18:45:00.000Z,PORTO SANTO STEFANO,42.416668,11.116667,Razza stellata,1.0
547,2019-01-15T18:45:00.000Z,PORTO SANTO STEFANO,42.416668,11.116667,Caviglione,2.0
548,2019-01-15T18:45:00.000Z,PORTO SANTO STEFANO,42.416668,11.116667,Pannocchia, Canocchia,16.0
549,2019-01-15T18:45:00.000Z,PORTO SANTO STEFANO,42.416668,11.116667,Calamaretto ,2.0
550,2019-01-10T19:30:00.000Z,PORTO SANTO STEFANO,42.416668,11.116667,Salmone atlantico ,1.0
551,2019-01-10T19:30:00.000Z,PORTO SANTO STEFANO,42.416668,11.116667,Brotola apoda,37.0
552,2019-01-10T19:30:00.000Z,PORTO SANTO STEFANO,42.416668,11.116667,Gambero bianco, gambero rosa mediterraneo,122.0
553,2019-01-10T19:30:00.000Z,PORTO SANTO STEFANO,42.416668,11.116667,Merluzzo argentato - Nasello,21.0
554,2019-01-10T19:30:00.000Z,PORTO SANTO STEFANO,42.416668,11.116667,Suacia,7.0
555,2019-01-10T19:30:00.000Z,PORTO SANTO STEFANO,42.416668,11.116667,Pesce prete,3.0
556,2019-01-10T19:30:00.000Z,PORTO SANTO STEFANO,42.416668,11.116667,Triglia di fango,34.0
557,2019-01-10T19:30:00.000Z,PORTO SANTO STEFANO,42.416668,11.116667,Totano gigante,12.0
558,2019-01-10T19:30:00.000Z,PORTO SANTO STEFANO,42.416668,11.116667,Argentina,4.0
559,2019-01-10T19:30:00.000Z,PORTO SANTO STEFANO,42.416668,11.116667,Linguattola,5.0
560,2019-01-10T19:30:00.000Z,PORTO SANTO STEFANO,42.416668,11.116667,Seppiola ,3.0
561,2019-01-10T19:30:00.000Z,PORTO SANTO STEFANO,42.416668,11.116667,Seppietta ,2.0
562,2019-01-10T19:30:00.000Z,PORTO SANTO STEFANO,42.416668,11.116667,Moscardino bianco,30.0
563,2019-01-10T19:30:00.000Z,PORTO SANTO STEFANO,42.416668,11.116667,Capone coccio,3.0
564,2019-01-10T19:30:00.000Z,PORTO SANTO STEFANO,42.416668,11.116667,Razza stellata,2.0
565,2019-01-10T19:30:00.000Z,PORTO SANTO STEFANO,42.416668,11.116667,Pannocchia, Canocchia,27.0
566,2019-01-10T19:30:00.000Z,PORTO SANTO STEFANO,42.416668,11.116667,Calamaretto ,14.0
567,2019-01-14T17:00:00.000Z,PORTO SANTO STEFANO,42.416668,11.116667,Salmone atlantico ,2.0
568,2019-01-14T17:00:00.000Z,PORTO SANTO STEFANO,42.416668,11.116667,Brotola apoda,35.0
569,2019-01-14T17:00:00.000Z,PORTO SANTO STEFANO,42.416668,11.116667,Gambero bianco, gambero rosa mediterraneo,164.0
570,2019-01-14T17:00:00.000Z,PORTO SANTO STEFANO,42.416668,11.116667,Merluzzo argentato - Nasello,18.0
571,2019-01-14T17:00:00.000Z,PORTO SANTO STEFANO,42.416668,11.116667,Calamaro comune,1.0
572,2019-01-14T17:00:00.000Z,PORTO SANTO STEFANO,42.416668,11.116667,Suacia,2.0
573,2019-01-14T17:00:00.000Z,PORTO SANTO STEFANO,42.416668,11.116667,Mennola,3.0
574,2019-01-14T17:00:00.000Z,PORTO SANTO STEFANO,42.416668,11.116667,Triglia di fango,29.0
575,2019-01-14T17:00:00.000Z,PORTO SANTO STEFANO,42.416668,11.116667,Totano gigante,6.0
576,2019-01-14T17:00:00.000Z,PORTO SANTO STEFANO,42.416668,11.116667,Argentina,1.0
577,2019-01-14T17:00:00.000Z,PORTO SANTO STEFANO,42.416668,11.116667,Linguattola,6.0
578,2019-01-14T17:00:00.000Z,PORTO SANTO STEFANO,42.416668,11.116667,Seppiola ,2.0
579,2019-01-14T17:00:00.000Z,PORTO SANTO STEFANO,42.416668,11.116667,Seppietta ,1.0
580,2019-01-14T17:00:00.000Z,PORTO SANTO STEFANO,42.416668,11.116667,Moscardino bianco,3.0
581,2019-01-14T17:00:00.000Z,PORTO SANTO STEFANO,42.416668,11.116667,Occhi verdi ,9.0
582,2019-01-14T17:00:00.000Z,PORTO SANTO STEFANO,42.416668,11.116667,Capone coccio,3.0
583,2019-01-14T17:00:00.000Z,PORTO SANTO STEFANO,42.416668,11.116667,Capone gallinella,3.0
584,2019-01-14T17:00:00.000Z,PORTO SANTO STEFANO,42.416668,11.116667,Sugarello maggiore,2.0
585,2019-01-14T17:00:00.000Z,PORTO SANTO STEFANO,42.416668,11.116667,Razza stellata,1.0
586,2019-01-14T17:00:00.000Z,PORTO SANTO STEFANO,42.416668,11.116667,Pannocchia, Canocchia,17.0
587,2019-01-14T17:00:00.000Z,PORTO SANTO STEFANO,42.416668,11.116667,Calamaretto ,9.0
588,2019-01-04T18:30:00.000Z,PORTO SANTO STEFANO,42.416668,11.116667,Salmone atlantico ,2.0
589,2019-01-04T18:30:00.000Z,PORTO SANTO STEFANO,42.416668,11.116667,Brotola apoda,24.0
590,2019-01-04T18:30:00.000Z,PORTO SANTO STEFANO,42.416668,11.116667,Boga,8.0
591,2019-01-04T18:30:00.000Z,PORTO SANTO STEFANO,42.416668,11.116667,Gambero bianco, gambero rosa mediterraneo,159.0
592,2019-01-04T18:30:00.000Z,PORTO SANTO STEFANO,42.416668,11.116667,Merluzzo argentato - Nasello,13.0
593,2019-01-04T18:30:00.000Z,PORTO SANTO STEFANO,42.416668,11.116667,Calamaro comune,2.0
594,2019-01-04T18:30:00.000Z,PORTO SANTO STEFANO,42.416668,11.116667,Triglia di fango,9.0
595,2019-01-04T18:30:00.000Z,PORTO SANTO STEFANO,42.416668,11.116667,Totano gigante,5.0
596,2019-01-04T18:30:00.000Z,PORTO SANTO STEFANO,42.416668,11.116667,Seppiola ,3.0
597,2019-01-04T18:30:00.000Z,PORTO SANTO STEFANO,42.416668,11.116667,Seppietta ,1.0
598,2019-01-04T18:30:00.000Z,PORTO SANTO STEFANO,42.416668,11.116667,Moscardino bianco,43.0
599,2019-01-04T18:30:00.000Z,PORTO SANTO STEFANO,42.416668,11.116667,Occhi verdi ,3.0
600,2019-01-04T18:30:00.000Z,PORTO SANTO STEFANO,42.416668,11.116667,Pannocchia, Canocchia,5.0
601,2019-01-04T18:30:00.000Z,PORTO SANTO STEFANO,42.416668,11.116667,Calamaretto ,8.0
602,2019-01-08T18:30:00.000Z,PORTO SANTO STEFANO,42.416668,11.116667,Salmone atlantico ,4.0
603,2019-01-08T18:30:00.000Z,PORTO SANTO STEFANO,42.416668,11.116667,Ghiozzo quadrimaculato,3.0
604,2019-01-08T18:30:00.000Z,PORTO SANTO STEFANO,42.416668,11.116667,Cappellano o busbana ,24.0
605,2019-01-08T18:30:00.000Z,PORTO SANTO STEFANO,42.416668,11.116667,Gambero bianco, gambero rosa mediterraneo,127.0
606,2019-01-08T18:30:00.000Z,PORTO SANTO STEFANO,42.416668,11.116667,Merluzzo argentato - Nasello,10.0
607,2019-01-08T18:30:00.000Z,PORTO SANTO STEFANO,42.416668,11.116667,Pesce prete,3.0
608,2019-01-08T18:30:00.000Z,PORTO SANTO STEFANO,42.416668,11.116667,Tracina drago ,3.0
609,2019-01-08T18:30:00.000Z,PORTO SANTO STEFANO,42.416668,11.116667,Triglia di fango,22.0
610,2019-01-08T18:30:00.000Z,PORTO SANTO STEFANO,42.416668,11.116667,Totano gigante,6.0
611,2019-01-08T18:30:00.000Z,PORTO SANTO STEFANO,42.416668,11.116667,Rombo liscio,2.0
612,2019-01-08T18:30:00.000Z,PORTO SANTO STEFANO,42.416668,11.116667,Linguattola,7.0
613,2019-01-08T18:30:00.000Z,PORTO SANTO STEFANO,42.416668,11.116667,Seppiola ,2.0
614,2019-01-08T18:30:00.000Z,PORTO SANTO STEFANO,42.416668,11.116667,Moscardino bruno,2.0
615,2019-01-08T18:30:00.000Z,PORTO SANTO STEFANO,42.416668,11.116667,Seppietta ,2.0
616,2019-01-08T18:30:00.000Z,PORTO SANTO STEFANO,42.416668,11.116667,Moscardino bianco,33.0
617,2019-01-08T18:30:00.000Z,PORTO SANTO STEFANO,42.416668,11.116667,Sugarello maggiore,17.0
618,2019-01-08T18:30:00.000Z,PORTO SANTO STEFANO,42.416668,11.116667,Pannocchia, Canocchia,36.0
619,2019-01-08T18:30:00.000Z,PORTO SANTO STEFANO,42.416668,11.116667,Calamaretto ,13.0
620,2019-01-09T19:00:00.000Z,PORTO SANTO STEFANO,42.416668,11.116667,Salmone atlantico ,6.0
621,2019-01-09T19:00:00.000Z,PORTO SANTO STEFANO,42.416668,11.116667,Cappellano o busbana ,40.0
622,2019-01-09T19:00:00.000Z,PORTO SANTO STEFANO,42.416668,11.116667,Gambero bianco, gambero rosa mediterraneo,118.0
623,2019-01-09T19:00:00.000Z,PORTO SANTO STEFANO,42.416668,11.116667,Sogliola,3.0
624,2019-01-09T19:00:00.000Z,PORTO SANTO STEFANO,42.416668,11.116667,Merluzzo argentato - Nasello,27.0
625,2019-01-09T19:00:00.000Z,PORTO SANTO STEFANO,42.416668,11.116667,Suacia,5.0
626,2019-01-09T19:00:00.000Z,PORTO SANTO STEFANO,42.416668,11.116667,Triglia di fango,42.0
627,2019-01-09T19:00:00.000Z,PORTO SANTO STEFANO,42.416668,11.116667,Totano gigante,11.0
628,2019-01-09T19:00:00.000Z,PORTO SANTO STEFANO,42.416668,11.116667,Argentina,9.0
629,2019-01-09T19:00:00.000Z,PORTO SANTO STEFANO,42.416668,11.116667,Linguattola,7.0
630,2019-01-09T19:00:00.000Z,PORTO SANTO STEFANO,42.416668,11.116667,Grongo,2.0
631,2019-01-09T19:00:00.000Z,PORTO SANTO STEFANO,42.416668,11.116667,Seppiola ,3.0
632,2019-01-09T19:00:00.000Z,PORTO SANTO STEFANO,42.416668,11.116667,Seppietta ,2.0
633,2019-01-09T19:00:00.000Z,PORTO SANTO STEFANO,42.416668,11.116667,Occhi verdi ,14.0
634,2019-01-09T19:00:00.000Z,PORTO SANTO STEFANO,42.416668,11.116667,Capone coccio,4.0
635,2019-01-09T19:00:00.000Z,PORTO SANTO STEFANO,42.416668,11.116667,Capone gallinella,4.0
636,2019-01-09T19:00:00.000Z,PORTO SANTO STEFANO,42.416668,11.116667,Sugarello maggiore,4.0
637,2019-01-09T19:00:00.000Z,PORTO SANTO STEFANO,42.416668,11.116667,Rombo quattrocch,2.0
638,2019-01-09T19:00:00.000Z,PORTO SANTO STEFANO,42.416668,11.116667,Pannocchia, Canocchia,28.0
639,2019-01-09T19:00:00.000Z,PORTO SANTO STEFANO,42.416668,11.116667,Calamaretto ,16.0
640,2019-01-16T18:30:00.000Z,PORTO SANTO STEFANO,42.416668,11.116667,Salmone atlantico ,4.0
641,2019-01-16T18:30:00.000Z,PORTO SANTO STEFANO,42.416668,11.116667,Cheppia ,2.0
642,2019-01-16T18:30:00.000Z,PORTO SANTO STEFANO,42.416668,11.116667,Cappellano o busbana ,20.0
643,2019-01-16T18:30:00.000Z,PORTO SANTO STEFANO,42.416668,11.116667,Gambero bianco, gambero rosa mediterraneo,149.0
644,2019-01-16T18:30:00.000Z,PORTO SANTO STEFANO,42.416668,11.116667,Merluzzo argentato - Nasello,9.0
645,2019-01-16T18:30:00.000Z,PORTO SANTO STEFANO,42.416668,11.116667,Pesce prete,2.0
646,2019-01-16T18:30:00.000Z,PORTO SANTO STEFANO,42.416668,11.116667,Triglia di fango,26.0
647,2019-01-16T18:30:00.000Z,PORTO SANTO STEFANO,42.416668,11.116667,Totano gigante,4.0
648,2019-01-16T18:30:00.000Z,PORTO SANTO STEFANO,42.416668,11.116667,Linguattola,6.0
649,2019-01-16T18:30:00.000Z,PORTO SANTO STEFANO,42.416668,11.116667,Seppiola ,2.0
650,2019-01-16T18:30:00.000Z,PORTO SANTO STEFANO,42.416668,11.116667,Seppietta ,2.0
651,2019-01-16T18:30:00.000Z,PORTO SANTO STEFANO,42.416668,11.116667,Moscardino bianco,39.0
652,2019-01-16T18:30:00.000Z,PORTO SANTO STEFANO,42.416668,11.116667,Occhi verdi ,6.0
653,2019-01-16T18:30:00.000Z,PORTO SANTO STEFANO,42.416668,11.116667,Sugarello maggiore,4.0
654,2019-01-16T18:30:00.000Z,PORTO SANTO STEFANO,42.416668,11.116667,Razza stellata,3.0
655,2019-01-16T18:30:00.000Z,PORTO SANTO STEFANO,42.416668,11.116667,Caviglione,3.0
656,2019-01-16T18:30:00.000Z,PORTO SANTO STEFANO,42.416668,11.116667,Pannocchia, Canocchia,7.0
657,2019-01-16T18:30:00.000Z,PORTO SANTO STEFANO,42.416668,11.116667,Calamaretto ,7.0
658,2019-02-11T18:17:00.000Z,TERMOLI,42.0,15.0,Salmone atlantico ,11.0
659,2019-02-11T18:17:00.000Z,TERMOLI,42.0,15.0,Cappellano o busbana ,15.0
660,2019-02-11T18:17:00.000Z,TERMOLI,42.0,15.0,Seppia comune,12.0
661,2019-02-11T18:17:00.000Z,TERMOLI,42.0,15.0,Gambero bianco, gambero rosa mediterraneo,6.0
662,2019-02-11T18:17:00.000Z,TERMOLI,42.0,15.0,Merluzzo argentato - Nasello,55.0
663,2019-02-11T18:17:00.000Z,TERMOLI,42.0,15.0,Totano tozzo,8.0
664,2019-02-11T18:17:00.000Z,TERMOLI,42.0,15.0,Triglia di fango,4.0
665,2019-02-11T18:17:00.000Z,TERMOLI,42.0,15.0,Moscardino bianco,16.0
666,2019-02-11T18:17:00.000Z,TERMOLI,42.0,15.0,Gallinelle o Capponi,6.0
667,2019-02-12T19:30:00.000Z,PORTO SANTO STEFANO,42.416668,11.116667,Salmone atlantico ,1.0
668,2019-02-12T19:30:00.000Z,PORTO SANTO STEFANO,42.416668,11.116667,Razza oxyrinchus,4.0
669,2019-02-12T19:30:00.000Z,PORTO SANTO STEFANO,42.416668,11.116667,Brotola apoda,36.0
670,2019-02-12T19:30:00.000Z,PORTO SANTO STEFANO,42.416668,11.116667,Merluzzo carbonaro ,2.0
671,2019-02-12T19:30:00.000Z,PORTO SANTO STEFANO,42.416668,11.116667,Gambero bianco, gambero rosa mediterraneo,68.0
672,2019-02-12T19:30:00.000Z,PORTO SANTO STEFANO,42.416668,11.116667,Merluzzo argentato - Nasello,9.0
673,2019-02-12T19:30:00.000Z,PORTO SANTO STEFANO,42.416668,11.116667,Gattuccio,5.0
674,2019-02-12T19:30:00.000Z,PORTO SANTO STEFANO,42.416668,11.116667,Pesce San Pietro,3.0
675,2019-02-12T19:30:00.000Z,PORTO SANTO STEFANO,42.416668,11.116667,Mennola,6.0
676,2019-02-12T19:30:00.000Z,PORTO SANTO STEFANO,42.416668,11.116667,Triglia di fango,18.0
677,2019-02-12T19:30:00.000Z,PORTO SANTO STEFANO,42.416668,11.116667,Scampo,4.0
678,2019-02-12T19:30:00.000Z,PORTO SANTO STEFANO,42.416668,11.116667,Totano gigante,22.0
679,2019-02-12T19:30:00.000Z,PORTO SANTO STEFANO,42.416668,11.116667,Argentina,8.0
680,2019-02-12T19:30:00.000Z,PORTO SANTO STEFANO,42.416668,11.116667,Scorfano di fondale,2.0
681,2019-02-12T19:30:00.000Z,PORTO SANTO STEFANO,42.416668,11.116667,Seppiola ,3.0
682,2019-02-12T19:30:00.000Z,PORTO SANTO STEFANO,42.416668,11.116667,Moscardino bianco,16.0
683,2019-02-12T19:30:00.000Z,PORTO SANTO STEFANO,42.416668,11.116667,Sugarello maggiore,13.0
684,2019-02-12T19:30:00.000Z,PORTO SANTO STEFANO,42.416668,11.116667,Razza stellata,11.0
685,2019-02-12T19:30:00.000Z,PORTO SANTO STEFANO,42.416668,11.116667,Pannocchia, Canocchia,5.0
686,2019-02-12T19:30:00.000Z,PORTO SANTO STEFANO,42.416668,11.116667,Polpo di scoglio ,10.0
687,2019-02-12T19:30:00.000Z,PORTO SANTO STEFANO,42.416668,11.116667,Calamaretto ,3.0
688,2019-02-21T16:30:00.000Z,PORTO SANTO STEFANO,42.416668,11.116667,Salmone atlantico ,1.0
689,2019-02-21T16:30:00.000Z,PORTO SANTO STEFANO,42.416668,11.116667,Cappellano o busbana ,27.0
690,2019-02-21T16:30:00.000Z,PORTO SANTO STEFANO,42.416668,11.116667,Gambero bianco, gambero rosa mediterraneo,179.0
691,2019-02-21T16:30:00.000Z,PORTO SANTO STEFANO,42.416668,11.116667,Merluzzo argentato - Nasello,10.0
692,2019-02-21T16:30:00.000Z,PORTO SANTO STEFANO,42.416668,11.116667,Gattuccio,6.0
693,2019-02-21T16:30:00.000Z,PORTO SANTO STEFANO,42.416668,11.116667,Pesce San Pietro,2.0
694,2019-02-21T16:30:00.000Z,PORTO SANTO STEFANO,42.416668,11.116667,Triglia di fango,23.0
695,2019-02-21T16:30:00.000Z,PORTO SANTO STEFANO,42.416668,11.116667,Scampo,2.0
696,2019-02-21T16:30:00.000Z,PORTO SANTO STEFANO,42.416668,11.116667,Totano gigante,5.0
697,2019-02-21T16:30:00.000Z,PORTO SANTO STEFANO,42.416668,11.116667,Seppiola ,2.0
698,2019-02-21T16:30:00.000Z,PORTO SANTO STEFANO,42.416668,11.116667,Moscardino bianco,18.0
699,2019-02-21T16:30:00.000Z,PORTO SANTO STEFANO,42.416668,11.116667,Sugarello maggiore,107.0
700,2019-02-21T16:30:00.000Z,PORTO SANTO STEFANO,42.416668,11.116667,Rana pescatrice - Rospo,7.0
701,2019-02-21T16:30:00.000Z,PORTO SANTO STEFANO,42.416668,11.116667,Polpo di scoglio ,2.0
702,2019-02-21T16:30:00.000Z,PORTO SANTO STEFANO,42.416668,11.116667,Calamaretto ,5.0
703,2019-02-08T18:30:00.000Z,PORTO SANTO STEFANO,42.416668,11.116667,Salmone atlantico ,5.0
704,2019-02-08T18:30:00.000Z,PORTO SANTO STEFANO,42.416668,11.116667,Boga,6.0
705,2019-02-08T18:30:00.000Z,PORTO SANTO STEFANO,42.416668,11.116667,Cappellano o busbana ,36.0
706,2019-02-08T18:30:00.000Z,PORTO SANTO STEFANO,42.416668,11.116667,Gambero bianco, gambero rosa mediterraneo,119.0
707,2019-02-08T18:30:00.000Z,PORTO SANTO STEFANO,42.416668,11.116667,Merluzzo argentato - Nasello,20.0
708,2019-02-08T18:30:00.000Z,PORTO SANTO STEFANO,42.416668,11.116667,Calamaro comune,1.0
709,2019-02-08T18:30:00.000Z,PORTO SANTO STEFANO,42.416668,11.116667,Pesce San Pietro,3.0
710,2019-02-08T18:30:00.000Z,PORTO SANTO STEFANO,42.416668,11.116667,Mel - Potassolo,1.0
711,2019-02-08T18:30:00.000Z,PORTO SANTO STEFANO,42.416668,11.116667,Triglia di fango,17.0
712,2019-02-08T18:30:00.000Z,PORTO SANTO STEFANO,42.416668,11.116667,Scampo,8.0
713,2019-02-08T18:30:00.000Z,PORTO SANTO STEFANO,42.416668,11.116667,Pesce sciabola,29.0
714,2019-02-08T18:30:00.000Z,PORTO SANTO STEFANO,42.416668,11.116667,Totano gigante,18.0
715,2019-02-08T18:30:00.000Z,PORTO SANTO STEFANO,42.416668,11.116667,Argentina,5.0
716,2019-02-08T18:30:00.000Z,PORTO SANTO STEFANO,42.416668,11.116667,Palamita,2.0
717,2019-02-08T18:30:00.000Z,PORTO SANTO STEFANO,42.416668,11.116667,Scorfano di fondale,3.0
718,2019-02-08T18:30:00.000Z,PORTO SANTO STEFANO,42.416668,11.116667,Linguattola,2.0
719,2019-02-08T18:30:00.000Z,PORTO SANTO STEFANO,42.416668,11.116667,Seppiola ,2.0
720,2019-02-08T18:30:00.000Z,PORTO SANTO STEFANO,42.416668,11.116667,Moscardino bianco,20.0
721,2019-02-08T18:30:00.000Z,PORTO SANTO STEFANO,42.416668,11.116667,Occhi verdi ,6.0
722,2019-02-08T18:30:00.000Z,PORTO SANTO STEFANO,42.416668,11.116667,Sugarello maggiore,10.0
723,2019-02-08T18:30:00.000Z,PORTO SANTO STEFANO,42.416668,11.116667,Pannocchia, Canocchia,8.0
724,2019-02-08T18:30:00.000Z,PORTO SANTO STEFANO,42.416668,11.116667,Calamaretto ,3.0
725,2019-02-13T10:30:00.000Z,LIVORNO,43.533333,10.316667,Salmone atlantico ,10.0
726,2019-02-26T19:00:00.000Z,PORTO SANTO STEFANO,42.416668,11.116667,Salmone atlantico ,8.0
727,2019-02-26T19:00:00.000Z,PORTO SANTO STEFANO,42.416668,11.116667,Razza oxyrinchus,5.0
728,2019-02-26T19:00:00.000Z,PORTO SANTO STEFANO,42.416668,11.116667,Boccanera,18.0
729,2019-02-26T19:00:00.000Z,PORTO SANTO STEFANO,42.416668,11.116667,Cappellano o busbana ,15.0
730,2019-02-26T19:00:00.000Z,PORTO SANTO STEFANO,42.416668,11.116667,Gambero bianco, gambero rosa mediterraneo,163.0
731,2019-02-26T19:00:00.000Z,PORTO SANTO STEFANO,42.416668,11.116667,Merluzzo argentato - Nasello,12.0
732,2019-02-26T19:00:00.000Z,PORTO SANTO STEFANO,42.416668,11.116667,Triglia di fango,6.0
733,2019-02-26T19:00:00.000Z,PORTO SANTO STEFANO,42.416668,11.116667,Scampo,14.0
734,2019-02-26T19:00:00.000Z,PORTO SANTO STEFANO,42.416668,11.116667,Totano gigante,13.0
735,2019-02-26T19:00:00.000Z,PORTO SANTO STEFANO,42.416668,11.116667,Seppiola ,5.0
736,2019-02-26T19:00:00.000Z,PORTO SANTO STEFANO,42.416668,11.116667,Moscardino bianco,2.0
737,2019-02-26T19:00:00.000Z,PORTO SANTO STEFANO,42.416668,11.116667,Sugarello maggiore,35.0
738,2019-02-26T19:00:00.000Z,PORTO SANTO STEFANO,42.416668,11.116667,Calamaretto ,1.0
739,2019-02-19T19:00:00.000Z,PORTO SANTO STEFANO,42.416668,11.116667,Salmone atlantico ,3.0
740,2019-02-19T19:00:00.000Z,PORTO SANTO STEFANO,42.416668,11.116667,Razza oxyrinchus,7.0
741,2019-02-19T19:00:00.000Z,PORTO SANTO STEFANO,42.416668,11.116667,Boccanera,10.0
742,2019-02-19T19:00:00.000Z,PORTO SANTO STEFANO,42.416668,11.116667,Brotola apoda,19.0
743,2019-02-19T19:00:00.000Z,PORTO SANTO STEFANO,42.416668,11.116667,Gambero bianco, gambero rosa mediterraneo,82.0
744,2019-02-19T19:00:00.000Z,PORTO SANTO STEFANO,42.416668,11.116667,Merluzzo argentato - Nasello,2.0
745,2019-02-19T19:00:00.000Z,PORTO SANTO STEFANO,42.416668,11.116667,Pesce San Pietro,2.0
746,2019-02-19T19:00:00.000Z,PORTO SANTO STEFANO,42.416668,11.116667,Suacia,1.0
747,2019-02-19T19:00:00.000Z,PORTO SANTO STEFANO,42.416668,11.116667,Triglia di fango,13.0
748,2019-02-19T19:00:00.000Z,PORTO SANTO STEFANO,42.416668,11.116667,Scampo,11.0
749,2019-02-19T19:00:00.000Z,PORTO SANTO STEFANO,42.416668,11.116667,Pesce sciabola,39.0
750,2019-02-19T19:00:00.000Z,PORTO SANTO STEFANO,42.416668,11.116667,Totano gigante,12.0
751,2019-02-19T19:00:00.000Z,PORTO SANTO STEFANO,42.416668,11.116667,Argentina,6.0
752,2019-02-19T19:00:00.000Z,PORTO SANTO STEFANO,42.416668,11.116667,Scorfano di fondale,3.0
753,2019-02-19T19:00:00.000Z,PORTO SANTO STEFANO,42.416668,11.116667,Grongo,4.0
754,2019-02-19T19:00:00.000Z,PORTO SANTO STEFANO,42.416668,11.116667,Seppiola ,4.0
755,2019-02-19T19:00:00.000Z,PORTO SANTO STEFANO,42.416668,11.116667,Sugarello maggiore,19.0
756,2019-02-19T19:00:00.000Z,PORTO SANTO STEFANO,42.416668,11.116667,Razza stellata,3.0
757,2019-02-22T20:00:00.000Z,PORTO SANTO STEFANO,42.416668,11.116667,Salmone atlantico ,10.0
758,2019-02-22T20:00:00.000Z,PORTO SANTO STEFANO,42.416668,11.116667,Razza oxyrinchus,6.0
759,2019-02-22T20:00:00.000Z,PORTO SANTO STEFANO,42.416668,11.116667,Boccanera,13.0
760,2019-02-22T20:00:00.000Z,PORTO SANTO STEFANO,42.416668,11.116667,Cappellano o busbana ,20.0
761,2019-02-22T20:00:00.000Z,PORTO SANTO STEFANO,42.416668,11.116667,Gambero bianco, gambero rosa mediterraneo,208.0
762,2019-02-22T20:00:00.000Z,PORTO SANTO STEFANO,42.416668,11.116667,Merluzzo argentato - Nasello,24.0
763,2019-02-22T20:00:00.000Z,PORTO SANTO STEFANO,42.416668,11.116667,Pesce San Pietro,1.0
764,2019-02-22T20:00:00.000Z,PORTO SANTO STEFANO,42.416668,11.116667,Suacia,4.0
765,2019-02-22T20:00:00.000Z,PORTO SANTO STEFANO,42.416668,11.116667,Triglia di fango,8.0
766,2019-02-22T20:00:00.000Z,PORTO SANTO STEFANO,42.416668,11.116667,Scampo,14.0
767,2019-02-22T20:00:00.000Z,PORTO SANTO STEFANO,42.416668,11.116667,Totano gigante,13.0
768,2019-02-22T20:00:00.000Z,PORTO SANTO STEFANO,42.416668,11.116667,Argentina,4.0
769,2019-02-22T20:00:00.000Z,PORTO SANTO STEFANO,42.416668,11.116667,Scorfano di fondale,2.0
770,2019-02-22T20:00:00.000Z,PORTO SANTO STEFANO,42.416668,11.116667,Seppiola ,6.0
771,2019-02-22T20:00:00.000Z,PORTO SANTO STEFANO,42.416668,11.116667,Moscardino bianco,11.0
772,2019-02-22T20:00:00.000Z,PORTO SANTO STEFANO,42.416668,11.116667,Musdea,2.0
773,2019-02-22T20:00:00.000Z,PORTO SANTO STEFANO,42.416668,11.116667,Sugarello maggiore,11.0
774,2019-02-22T20:00:00.000Z,PORTO SANTO STEFANO,42.416668,11.116667,Razza stellata,5.0
775,2019-02-22T20:00:00.000Z,PORTO SANTO STEFANO,42.416668,11.116667,Calamaretto ,2.0
776,2019-02-20T19:30:00.000Z,PORTO SANTO STEFANO,42.416668,11.116667,Salmone atlantico ,7.0
777,2019-02-20T19:30:00.000Z,PORTO SANTO STEFANO,42.416668,11.116667,Boccanera,8.0
778,2019-02-20T19:30:00.000Z,PORTO SANTO STEFANO,42.416668,11.116667,Cappellano o busbana ,24.0
779,2019-02-20T19:30:00.000Z,PORTO SANTO STEFANO,42.416668,11.116667,Gambero bianco, gambero rosa mediterraneo,136.0
780,2019-02-20T19:30:00.000Z,PORTO SANTO STEFANO,42.416668,11.116667,Merluzzo argentato - Nasello,10.0
781,2019-02-20T19:30:00.000Z,PORTO SANTO STEFANO,42.416668,11.116667,Pesce San Pietro,3.0
782,2019-02-20T19:30:00.000Z,PORTO SANTO STEFANO,42.416668,11.116667,Suacia,2.0
783,2019-02-20T19:30:00.000Z,PORTO SANTO STEFANO,42.416668,11.116667,Triglia di fango,4.0
784,2019-02-20T19:30:00.000Z,PORTO SANTO STEFANO,42.416668,11.116667,Scampo,11.0
785,2019-02-20T19:30:00.000Z,PORTO SANTO STEFANO,42.416668,11.116667,Pesce sciabola,3.0
786,2019-02-20T19:30:00.000Z,PORTO SANTO STEFANO,42.416668,11.116667,Totano gigante,9.0
787,2019-02-20T19:30:00.000Z,PORTO SANTO STEFANO,42.416668,11.116667,Argentina,2.0
788,2019-02-20T19:30:00.000Z,PORTO SANTO STEFANO,42.416668,11.116667,Scorfano di fondale,3.0
789,2019-02-20T19:30:00.000Z,PORTO SANTO STEFANO,42.416668,11.116667,Grongo,4.0
790,2019-02-20T19:30:00.000Z,PORTO SANTO STEFANO,42.416668,11.116667,Seppiola ,5.0
791,2019-02-20T19:30:00.000Z,PORTO SANTO STEFANO,42.416668,11.116667,Moscardino bianco,18.0
792,2019-02-20T19:30:00.000Z,PORTO SANTO STEFANO,42.416668,11.116667,Sugarello maggiore,13.0
793,2019-03-22T19:30:00.000Z,PORTO SANTO STEFANO,42.416668,11.116667,Salmone atlantico ,2.0
794,2019-03-22T19:30:00.000Z,PORTO SANTO STEFANO,42.416668,11.116667,Boccanera,2.0
795,2019-03-22T19:30:00.000Z,PORTO SANTO STEFANO,42.416668,11.116667,Scorfano rosso,1.0
796,2019-03-22T19:30:00.000Z,PORTO SANTO STEFANO,42.416668,11.116667,Gambero bianco, gambero rosa mediterraneo,151.0
797,2019-03-22T19:30:00.000Z,PORTO SANTO STEFANO,42.416668,11.116667,Merluzzo argentato - Nasello,29.0
798,2019-03-22T19:30:00.000Z,PORTO SANTO STEFANO,42.416668,11.116667,Mel - Potassolo,2.0
799,2019-03-22T19:30:00.000Z,PORTO SANTO STEFANO,42.416668,11.116667,Scampo,14.0
800,2019-03-22T19:30:00.000Z,PORTO SANTO STEFANO,42.416668,11.116667,Grongo,2.0
801,2019-03-22T19:30:00.000Z,PORTO SANTO STEFANO,42.416668,11.116667,Seppiola ,3.0
802,2019-03-22T19:30:00.000Z,PORTO SANTO STEFANO,42.416668,11.116667,Moscardino bianco,6.0
803,2019-03-22T19:30:00.000Z,PORTO SANTO STEFANO,42.416668,11.116667,Musdea,9.0
804,2019-03-22T19:30:00.000Z,PORTO SANTO STEFANO,42.416668,11.116667,Occhi verdi ,4.0
805,2019-03-22T19:30:00.000Z,PORTO SANTO STEFANO,42.416668,11.116667,Sugarello maggiore,78.0
806,2019-03-20T19:30:00.000Z,PORTO SANTO STEFANO,42.416668,11.116667,Salmone atlantico ,3.0
807,2019-03-20T19:30:00.000Z,PORTO SANTO STEFANO,42.416668,11.116667,Boccanera,3.0
808,2019-03-20T19:30:00.000Z,PORTO SANTO STEFANO,42.416668,11.116667,Gambero bianco, gambero rosa mediterraneo,85.0
809,2019-03-20T19:30:00.000Z,PORTO SANTO STEFANO,42.416668,11.116667,Merluzzo argentato - Nasello,42.0
810,2019-03-20T19:30:00.000Z,PORTO SANTO STEFANO,42.416668,11.116667,Suacia,3.0
811,2019-03-20T19:30:00.000Z,PORTO SANTO STEFANO,42.416668,11.116667,Scampo,14.0
812,2019-03-20T19:30:00.000Z,PORTO SANTO STEFANO,42.416668,11.116667,Pesce sciabola,35.0
813,2019-03-20T19:30:00.000Z,PORTO SANTO STEFANO,42.416668,11.116667,Totano gigante,5.0
814,2019-03-20T19:30:00.000Z,PORTO SANTO STEFANO,42.416668,11.116667,Grongo,4.0
815,2019-03-20T19:30:00.000Z,PORTO SANTO STEFANO,42.416668,11.116667,Seppiola ,3.0
816,2019-03-20T19:30:00.000Z,PORTO SANTO STEFANO,42.416668,11.116667,Moscardino bianco,3.0
817,2019-03-20T19:30:00.000Z,PORTO SANTO STEFANO,42.416668,11.116667,Musdea,10.0
818,2019-03-20T19:30:00.000Z,PORTO SANTO STEFANO,42.416668,11.116667,Occhi verdi ,1.0
819,2019-03-20T19:30:00.000Z,PORTO SANTO STEFANO,42.416668,11.116667,Sugarello maggiore,21.0
820,2019-03-28T19:15:00.000Z,PORTO SANTO STEFANO,42.416668,11.116667,Salmone atlantico ,3.0
821,2019-03-28T19:15:00.000Z,PORTO SANTO STEFANO,42.416668,11.116667,Boccanera,4.0
822,2019-03-28T19:15:00.000Z,PORTO SANTO STEFANO,42.416668,11.116667,Gambero bianco, gambero rosa mediterraneo,101.0
823,2019-03-28T19:15:00.000Z,PORTO SANTO STEFANO,42.416668,11.116667,Merluzzo argentato - Nasello,21.0
824,2019-03-28T19:15:00.000Z,PORTO SANTO STEFANO,42.416668,11.116667,Suacia,4.0
825,2019-03-28T19:15:00.000Z,PORTO SANTO STEFANO,42.416668,11.116667,Scampo,9.0
826,2019-03-28T19:15:00.000Z,PORTO SANTO STEFANO,42.416668,11.116667,Pesce sciabola,1.0
827,2019-03-28T19:15:00.000Z,PORTO SANTO STEFANO,42.416668,11.116667,Totano gigante,2.0
828,2019-03-28T19:15:00.000Z,PORTO SANTO STEFANO,42.416668,11.116667,Grongo,6.0
829,2019-03-28T19:15:00.000Z,PORTO SANTO STEFANO,42.416668,11.116667,Seppiola ,2.0
830,2019-03-28T19:15:00.000Z,PORTO SANTO STEFANO,42.416668,11.116667,Musdea,9.0
831,2019-03-28T19:15:00.000Z,PORTO SANTO STEFANO,42.416668,11.116667,Occhi verdi ,4.0
832,2019-03-28T19:15:00.000Z,PORTO SANTO STEFANO,42.416668,11.116667,Sugarello maggiore,3.0
833,2019-03-08T19:30:00.000Z,PORTO SANTO STEFANO,42.416668,11.116667,Salmone atlantico ,4.0
834,2019-03-08T19:30:00.000Z,PORTO SANTO STEFANO,42.416668,11.116667,Boccanera,14.0
835,2019-03-08T19:30:00.000Z,PORTO SANTO STEFANO,42.416668,11.116667,Cappellano o busbana ,15.0
836,2019-03-08T19:30:00.000Z,PORTO SANTO STEFANO,42.416668,11.116667,Gambero bianco, gambero rosa mediterraneo,230.0
837,2019-03-08T19:30:00.000Z,PORTO SANTO STEFANO,42.416668,11.116667,Merluzzo argentato - Nasello,33.0
838,2019-03-08T19:30:00.000Z,PORTO SANTO STEFANO,42.416668,11.116667,Gattuccio,7.0
839,2019-03-08T19:30:00.000Z,PORTO SANTO STEFANO,42.416668,11.116667,Pesce San Pietro,3.0
840,2019-03-08T19:30:00.000Z,PORTO SANTO STEFANO,42.416668,11.116667,Suacia,2.0
841,2019-03-08T19:30:00.000Z,PORTO SANTO STEFANO,42.416668,11.116667,Triglia di fango,7.0
842,2019-03-08T19:30:00.000Z,PORTO SANTO STEFANO,42.416668,11.116667,Scampo,10.0
843,2019-03-08T19:30:00.000Z,PORTO SANTO STEFANO,42.416668,11.116667,Totano gigante,14.0
844,2019-03-08T19:30:00.000Z,PORTO SANTO STEFANO,42.416668,11.116667,Argentina,5.0
845,2019-03-08T19:30:00.000Z,PORTO SANTO STEFANO,42.416668,11.116667,Zerro musillo,3.0
846,2019-03-08T19:30:00.000Z,PORTO SANTO STEFANO,42.416668,11.116667,Moscardino bianco,20.0
847,2019-03-08T19:30:00.000Z,PORTO SANTO STEFANO,42.416668,11.116667,Musdea,6.0
848,2019-03-08T19:30:00.000Z,PORTO SANTO STEFANO,42.416668,11.116667,Sugarello maggiore,58.0
849,2019-03-08T19:30:00.000Z,PORTO SANTO STEFANO,42.416668,11.116667,Razza stellata,2.0
850,2019-03-08T19:30:00.000Z,PORTO SANTO STEFANO,42.416668,11.116667,Calamaretto ,4.0
851,2019-03-01T19:00:00.000Z,PORTO SANTO STEFANO,42.416668,11.116667,Salmone atlantico ,12.0
852,2019-03-01T19:00:00.000Z,PORTO SANTO STEFANO,42.416668,11.116667,Razza oxyrinchus,3.0
853,2019-03-01T19:00:00.000Z,PORTO SANTO STEFANO,42.416668,11.116667,Cappellano o busbana ,17.0
854,2019-03-01T19:00:00.000Z,PORTO SANTO STEFANO,42.416668,11.116667,Gambero bianco, gambero rosa mediterraneo,210.0
855,2019-03-01T19:00:00.000Z,PORTO SANTO STEFANO,42.416668,11.116667,Merluzzo argentato - Nasello,14.0
856,2019-03-01T19:00:00.000Z,PORTO SANTO STEFANO,42.416668,11.116667,Gattuccio,11.0
857,2019-03-01T19:00:00.000Z,PORTO SANTO STEFANO,42.416668,11.116667,Pesce San Pietro,3.0
858,2019-03-01T19:00:00.000Z,PORTO SANTO STEFANO,42.416668,11.116667,Suacia,2.0
859,2019-03-01T19:00:00.000Z,PORTO SANTO STEFANO,42.416668,11.116667,Triglia di fango,6.0
860,2019-03-01T19:00:00.000Z,PORTO SANTO STEFANO,42.416668,11.116667,Scampo,12.0
861,2019-03-01T19:00:00.000Z,PORTO SANTO STEFANO,42.416668,11.116667,Pesce sciabola,161.0
862,2019-03-01T19:00:00.000Z,PORTO SANTO STEFANO,42.416668,11.116667,Totano gigante,13.0
863,2019-03-01T19:00:00.000Z,PORTO SANTO STEFANO,42.416668,11.116667,Argentina,2.0
864,2019-03-01T19:00:00.000Z,PORTO SANTO STEFANO,42.416668,11.116667,Palamita,6.0
865,2019-03-01T19:00:00.000Z,PORTO SANTO STEFANO,42.416668,11.116667,Seppiola ,4.0
866,2019-03-01T19:00:00.000Z,PORTO SANTO STEFANO,42.416668,11.116667,Moscardino bianco,7.0
867,2019-03-01T19:00:00.000Z,PORTO SANTO STEFANO,42.416668,11.116667,Musdea,2.0
868,2019-03-01T19:00:00.000Z,PORTO SANTO STEFANO,42.416668,11.116667,Sugarello maggiore,68.0
869,2019-03-29T18:30:00.000Z,PORTO SANTO STEFANO,42.416668,11.116667,Salmone atlantico ,6.0
870,2019-03-29T18:30:00.000Z,PORTO SANTO STEFANO,42.416668,11.116667,Boccanera,10.0
871,2019-03-29T18:30:00.000Z,PORTO SANTO STEFANO,42.416668,11.116667,Gambero bianco, gambero rosa mediterraneo,144.0
872,2019-03-29T18:30:00.000Z,PORTO SANTO STEFANO,42.416668,11.116667,Merluzzo argentato - Nasello,15.0
873,2019-03-29T18:30:00.000Z,PORTO SANTO STEFANO,42.416668,11.116667,Suacia,6.0
874,2019-03-29T18:30:00.000Z,PORTO SANTO STEFANO,42.416668,11.116667,Scampo,9.0
875,2019-03-29T18:30:00.000Z,PORTO SANTO STEFANO,42.416668,11.116667,Pesce sciabola,57.0
876,2019-03-29T18:30:00.000Z,PORTO SANTO STEFANO,42.416668,11.116667,Totano gigante,2.0
877,2019-03-29T18:30:00.000Z,PORTO SANTO STEFANO,42.416668,11.116667,Seppiola ,4.0
878,2019-03-29T18:30:00.000Z,PORTO SANTO STEFANO,42.416668,11.116667,Moscardino bianco,5.0
879,2019-03-29T18:30:00.000Z,PORTO SANTO STEFANO,42.416668,11.116667,Musdea,12.0
880,2019-03-29T18:30:00.000Z,PORTO SANTO STEFANO,42.416668,11.116667,Occhi verdi ,2.0
881,2019-03-29T18:30:00.000Z,PORTO SANTO STEFANO,42.416668,11.116667,Sugarello maggiore,3.0
882,2019-03-25T19:00:00.000Z,PORTO SANTO STEFANO,42.416668,11.116667,Salmone atlantico ,6.0
883,2019-03-25T19:00:00.000Z,PORTO SANTO STEFANO,42.416668,11.116667,Boccanera,10.0
884,2019-03-25T19:00:00.000Z,PORTO SANTO STEFANO,42.416668,11.116667,Gambero bianco, gambero rosa mediterraneo,163.0
885,2019-03-25T19:00:00.000Z,PORTO SANTO STEFANO,42.416668,11.116667,Merluzzo argentato - Nasello,13.0
886,2019-03-25T19:00:00.000Z,PORTO SANTO STEFANO,42.416668,11.116667,Suacia,2.0
887,2019-03-25T19:00:00.000Z,PORTO SANTO STEFANO,42.416668,11.116667,Scampo,11.0
888,2019-03-25T19:00:00.000Z,PORTO SANTO STEFANO,42.416668,11.116667,Totano gigante,5.0
889,2019-03-25T19:00:00.000Z,PORTO SANTO STEFANO,42.416668,11.116667,Seppiola ,4.0
890,2019-03-25T19:00:00.000Z,PORTO SANTO STEFANO,42.416668,11.116667,Moscardino bianco,2.0
891,2019-03-25T19:00:00.000Z,PORTO SANTO STEFANO,42.416668,11.116667,Musdea,11.0
892,2019-03-25T19:00:00.000Z,PORTO SANTO STEFANO,42.416668,11.116667,Occhi verdi ,2.0
893,2019-03-25T19:00:00.000Z,PORTO SANTO STEFANO,42.416668,11.116667,Sugarello maggiore,27.0
894,2019-03-18T19:33:00.000Z,PORTO SANTO STEFANO,42.416668,11.116667,Salmone atlantico ,2.0
895,2019-03-18T19:33:00.000Z,PORTO SANTO STEFANO,42.416668,11.116667,Boccanera,12.0
896,2019-03-18T19:33:00.000Z,PORTO SANTO STEFANO,42.416668,11.116667,Gambero bianco, gambero rosa mediterraneo,105.0
897,2019-03-18T19:33:00.000Z,PORTO SANTO STEFANO,42.416668,11.116667,Merluzzo argentato - Nasello,26.0
898,2019-03-18T19:33:00.000Z,PORTO SANTO STEFANO,42.416668,11.116667,Suacia,2.0
899,2019-03-18T19:33:00.000Z,PORTO SANTO STEFANO,42.416668,11.116667,Scampo,12.0
900,2019-03-18T19:33:00.000Z,PORTO SANTO STEFANO,42.416668,11.116667,Pesce sciabola,295.0
901,2019-03-18T19:33:00.000Z,PORTO SANTO STEFANO,42.416668,11.116667,Totano gigante,6.0
902,2019-03-18T19:33:00.000Z,PORTO SANTO STEFANO,42.416668,11.116667,Seppiola ,3.0
903,2019-03-18T19:33:00.000Z,PORTO SANTO STEFANO,42.416668,11.116667,Musdea,10.0
904,2019-03-18T19:33:00.000Z,PORTO SANTO STEFANO,42.416668,11.116667,Occhi verdi ,2.0
905,2019-03-18T19:33:00.000Z,PORTO SANTO STEFANO,42.416668,11.116667,Sugarello maggiore,7.0
906,2019-03-14T19:00:00.000Z,PORTO SANTO STEFANO,42.416668,11.116667,Salmone atlantico ,4.0
907,2019-03-14T19:00:00.000Z,PORTO SANTO STEFANO,42.416668,11.116667,Boccanera,11.0
908,2019-03-14T19:00:00.000Z,PORTO SANTO STEFANO,42.416668,11.116667,Squalo tigre,1.0
909,2019-03-14T19:00:00.000Z,PORTO SANTO STEFANO,42.416668,11.116667,Gambero bianco, gambero rosa mediterraneo,79.0
910,2019-03-14T19:00:00.000Z,PORTO SANTO STEFANO,42.416668,11.116667,Merluzzo argentato - Nasello,36.0
911,2019-03-14T19:00:00.000Z,PORTO SANTO STEFANO,42.416668,11.116667,Suacia,3.0
912,2019-03-14T19:00:00.000Z,PORTO SANTO STEFANO,42.416668,11.116667,Scampo,9.0
913,2019-03-14T19:00:00.000Z,PORTO SANTO STEFANO,42.416668,11.116667,Pesce sciabola,152.0
914,2019-03-14T19:00:00.000Z,PORTO SANTO STEFANO,42.416668,11.116667,Totano gigante,9.0
915,2019-03-14T19:00:00.000Z,PORTO SANTO STEFANO,42.416668,11.116667,Grongo,1.0
916,2019-03-14T19:00:00.000Z,PORTO SANTO STEFANO,42.416668,11.116667,Moscardino bianco,2.0
917,2019-03-14T19:00:00.000Z,PORTO SANTO STEFANO,42.416668,11.116667,Musdea,11.0
918,2019-03-14T19:00:00.000Z,PORTO SANTO STEFANO,42.416668,11.116667,Sugarello maggiore,89.0
919,2019-03-14T19:00:00.000Z,PORTO SANTO STEFANO,42.416668,11.116667,Calamaretto ,4.0
920,2019-04-18T16:30:00.000Z,PORTO SANTO STEFANO,42.416668,11.116667,Salmone atlantico ,12.0
921,2019-04-18T16:30:00.000Z,PORTO SANTO STEFANO,42.416668,11.116667,Razza oxyrinchus,6.0
922,2019-04-18T16:30:00.000Z,PORTO SANTO STEFANO,42.416668,11.116667,Boccanera,17.0
923,2019-04-18T16:30:00.000Z,PORTO SANTO STEFANO,42.416668,11.116667,Gambero bianco, gambero rosa mediterraneo,423.0
924,2019-04-18T16:30:00.000Z,PORTO SANTO STEFANO,42.416668,11.116667,Merluzzo argentato - Nasello,40.0
925,2019-04-18T16:30:00.000Z,PORTO SANTO STEFANO,42.416668,11.116667,Gattuccio,6.0
926,2019-04-18T16:30:00.000Z,PORTO SANTO STEFANO,42.416668,11.116667,Pesce San Pietro,6.0
927,2019-04-18T16:30:00.000Z,PORTO SANTO STEFANO,42.416668,11.116667,Suacia,13.0
928,2019-04-18T16:30:00.000Z,PORTO SANTO STEFANO,42.416668,11.116667,Triglia di fango,16.0
929,2019-04-18T16:30:00.000Z,PORTO SANTO STEFANO,42.416668,11.116667,Scampo,20.0
930,2019-04-18T16:30:00.000Z,PORTO SANTO STEFANO,42.416668,11.116667,Pesce sciabola,24.0
931,2019-04-18T16:30:00.000Z,PORTO SANTO STEFANO,42.416668,11.116667,Totano gigante,29.0
932,2019-04-18T16:30:00.000Z,PORTO SANTO STEFANO,42.416668,11.116667,Argentina,30.0
933,2019-04-18T16:30:00.000Z,PORTO SANTO STEFANO,42.416668,11.116667,Grongo,4.0
934,2019-04-18T16:30:00.000Z,PORTO SANTO STEFANO,42.416668,11.116667,Seppiola ,11.0
935,2019-04-18T16:30:00.000Z,PORTO SANTO STEFANO,42.416668,11.116667,Moscardino bianco,28.0
936,2019-04-18T16:30:00.000Z,PORTO SANTO STEFANO,42.416668,11.116667,Musdea,13.0
937,2019-04-18T16:30:00.000Z,PORTO SANTO STEFANO,42.416668,11.116667,Capone lira,3.0
938,2019-04-18T16:30:00.000Z,PORTO SANTO STEFANO,42.416668,11.116667,Sugarello maggiore,47.0
939,2019-04-18T16:30:00.000Z,PORTO SANTO STEFANO,42.416668,11.116667,Razza stellata,3.0
940,2019-04-18T16:30:00.000Z,PORTO SANTO STEFANO,42.416668,11.116667,Gobetto ,6.0
941,2019-04-18T16:30:00.000Z,PORTO SANTO STEFANO,42.416668,11.116667,Triglia di scoglio,3.0
942,2019-04-26T19:00:00.000Z,PORTO SANTO STEFANO,42.416668,11.116667,Salmone atlantico ,5.0
943,2019-04-26T19:00:00.000Z,PORTO SANTO STEFANO,42.416668,11.116667,Razza oxyrinchus,4.0
944,2019-04-26T19:00:00.000Z,PORTO SANTO STEFANO,42.416668,11.116667,Boccanera,15.0
945,2019-04-26T19:00:00.000Z,PORTO SANTO STEFANO,42.416668,11.116667,Cappellano o busbana ,4.0
946,2019-04-26T19:00:00.000Z,PORTO SANTO STEFANO,42.416668,11.116667,Gambero bianco, gambero rosa mediterraneo,76.0
947,2019-04-26T19:00:00.000Z,PORTO SANTO STEFANO,42.416668,11.116667,Merluzzo argentato - Nasello,6.0
948,2019-04-26T19:00:00.000Z,PORTO SANTO STEFANO,42.416668,11.116667,Pesce San Pietro,7.0
949,2019-04-26T19:00:00.000Z,PORTO SANTO STEFANO,42.416668,11.116667,Mel - Potassolo,3.0
950,2019-04-26T19:00:00.000Z,PORTO SANTO STEFANO,42.416668,11.116667,Triglia di fango,5.0
951,2019-04-26T19:00:00.000Z,PORTO SANTO STEFANO,42.416668,11.116667,Scampo,11.0
952,2019-04-26T19:00:00.000Z,PORTO SANTO STEFANO,42.416668,11.116667,Pesce sciabola,16.0
953,2019-04-26T19:00:00.000Z,PORTO SANTO STEFANO,42.416668,11.116667,Totano gigante,19.0
954,2019-04-26T19:00:00.000Z,PORTO SANTO STEFANO,42.416668,11.116667,Argentina,13.0
955,2019-04-26T19:00:00.000Z,PORTO SANTO STEFANO,42.416668,11.116667,Seppiola ,9.0
956,2019-04-26T19:00:00.000Z,PORTO SANTO STEFANO,42.416668,11.116667,Moscardino bianco,11.0
957,2019-04-26T19:00:00.000Z,PORTO SANTO STEFANO,42.416668,11.116667,Musdea,6.0
958,2019-04-26T19:00:00.000Z,PORTO SANTO STEFANO,42.416668,11.116667,Occhi verdi ,2.0
959,2019-04-26T19:00:00.000Z,PORTO SANTO STEFANO,42.416668,11.116667,Sugarello maggiore,73.0
960,2019-04-26T19:00:00.000Z,PORTO SANTO STEFANO,42.416668,11.116667,Razza stellata,2.0
961,2019-04-26T19:00:00.000Z,PORTO SANTO STEFANO,42.416668,11.116667,Murena,4.0
962,2019-04-02T19:00:00.000Z,PORTO SANTO STEFANO,42.416668,11.116667,Salmone atlantico ,6.0
963,2019-04-02T19:00:00.000Z,PORTO SANTO STEFANO,42.416668,11.116667,Razza oxyrinchus,7.0
964,2019-04-02T19:00:00.000Z,PORTO SANTO STEFANO,42.416668,11.116667,Boccanera,13.0
965,2019-04-02T19:00:00.000Z,PORTO SANTO STEFANO,42.416668,11.116667,Gambero bianco, gambero rosa mediterraneo,154.0
966,2019-04-02T19:00:00.000Z,PORTO SANTO STEFANO,42.416668,11.116667,Merluzzo argentato - Nasello,6.0
967,2019-04-02T19:00:00.000Z,PORTO SANTO STEFANO,42.416668,11.116667,Suacia,2.0
968,2019-04-02T19:00:00.000Z,PORTO SANTO STEFANO,42.416668,11.116667,Triglia di fango,8.0
969,2019-04-02T19:00:00.000Z,PORTO SANTO STEFANO,42.416668,11.116667,Scampo,6.0
970,2019-04-02T19:00:00.000Z,PORTO SANTO STEFANO,42.416668,11.116667,Pesce sciabola,4.0
971,2019-04-02T19:00:00.000Z,PORTO SANTO STEFANO,42.416668,11.116667,Totano gigante,13.0
972,2019-04-02T19:00:00.000Z,PORTO SANTO STEFANO,42.416668,11.116667,Argentina,11.0
973,2019-04-02T19:00:00.000Z,PORTO SANTO STEFANO,42.416668,11.116667,Seppiola ,5.0
974,2019-04-02T19:00:00.000Z,PORTO SANTO STEFANO,42.416668,11.116667,Moscardino bianco,10.0
975,2019-04-02T19:00:00.000Z,PORTO SANTO STEFANO,42.416668,11.116667,Musdea,11.0
976,2019-04-02T19:00:00.000Z,PORTO SANTO STEFANO,42.416668,11.116667,Capone lira,2.0
977,2019-04-02T19:00:00.000Z,PORTO SANTO STEFANO,42.416668,11.116667,Sugarello maggiore,21.0
978,2019-04-12T19:00:00.000Z,PORTO SANTO STEFANO,42.416668,11.116667,Salmone atlantico ,6.0
979,2019-04-12T19:00:00.000Z,PORTO SANTO STEFANO,42.416668,11.116667,Boccanera,11.0
980,2019-04-12T19:00:00.000Z,PORTO SANTO STEFANO,42.416668,11.116667,Gambero bianco, gambero rosa mediterraneo,179.0
981,2019-04-12T19:00:00.000Z,PORTO SANTO STEFANO,42.416668,11.116667,Merluzzo argentato - Nasello,13.0
982,2019-04-12T19:00:00.000Z,PORTO SANTO STEFANO,42.416668,11.116667,Pesce San Pietro,2.0
983,2019-04-12T19:00:00.000Z,PORTO SANTO STEFANO,42.416668,11.116667,Suacia,6.0
984,2019-04-12T19:00:00.000Z,PORTO SANTO STEFANO,42.416668,11.116667,Triglia di fango,7.0
985,2019-04-12T19:00:00.000Z,PORTO SANTO STEFANO,42.416668,11.116667,Scampo,15.0
986,2019-04-12T19:00:00.000Z,PORTO SANTO STEFANO,42.416668,11.116667,Pesce sciabola,14.0
987,2019-04-12T19:00:00.000Z,PORTO SANTO STEFANO,42.416668,11.116667,Totano gigante,4.0
988,2019-04-12T19:00:00.000Z,PORTO SANTO STEFANO,42.416668,11.116667,Argentina,18.0
989,2019-04-12T19:00:00.000Z,PORTO SANTO STEFANO,42.416668,11.116667,Scorfano di fondale,2.0
990,2019-04-12T19:00:00.000Z,PORTO SANTO STEFANO,42.416668,11.116667,Seppiola ,6.0
991,2019-04-12T19:00:00.000Z,PORTO SANTO STEFANO,42.416668,11.116667,Moscardino bianco,14.0
992,2019-04-12T19:00:00.000Z,PORTO SANTO STEFANO,42.416668,11.116667,Musdea,10.0
993,2019-04-12T19:00:00.000Z,PORTO SANTO STEFANO,42.416668,11.116667,Occhi verdi ,2.0
994,2019-04-12T19:00:00.000Z,PORTO SANTO STEFANO,42.416668,11.116667,Sugarello maggiore,8.0
995,2019-04-10T19:00:00.000Z,PORTO SANTO STEFANO,42.416668,11.116667,Salmone atlantico ,6.0
996,2019-04-10T19:00:00.000Z,PORTO SANTO STEFANO,42.416668,11.116667,Razza oxyrinchus,3.0
997,2019-04-10T19:00:00.000Z,PORTO SANTO STEFANO,42.416668,11.116667,Boccanera,14.0
998,2019-04-10T19:00:00.000Z,PORTO SANTO STEFANO,42.416668,11.116667,Cappellano o busbana ,4.0
999,2019-04-10T19:00:00.000Z,PORTO SANTO STEFANO,42.416668,11.116667,Seppiola grossa ,1.0
